salary,ovr,pos_code,pos_name,done3,cnt,ts3
43,125,",24,25,26,20,21,22,27,23,",FW,1,0,
43,125,",13,14,15,17,18,19,9,10,11,16,12,",MF,1,0,
43,125,",1,4,5,6,3,7,2,8,",DF,1,0,
43,125,",0,",GK,1,0,
43,124,",24,25,26,20,21,22,27,23,",FW,1,0,
43,124,",13,14,15,17,18,19,9,10,11,16,12,",MF,1,0,
43,124,",1,4,5,6,3,7,2,8,",DF,1,0,
43,124,",0,",GK,1,0,
43,123,",24,25,26,20,21,22,27,23,",FW,1,0,
43,123,",13,14,15,17,18,19,9,10,11,16,12,",MF,1,0,
43,123,",1,4,5,6,3,7,2,8,",DF,1,0,
43,123,",0,",GK,1,0,
42,125,",24,25,26,20,21,22,27,23,",FW,1,0,
42,125,",13,14,15,17,18,19,9,10,11,16,12,",MF,1,0,
42,125,",1,4,5,6,3,7,2,8,",DF,1,0,
42,125,",0,",GK,1,0,
42,124,",24,25,26,20,21,22,27,23,",FW,1,0,
42,124,",13,14,15,17,18,19,9,10,11,16,12,",MF,1,0,
42,124,",1,4,5,6,3,7,2,8,",DF,1,0,
42,124,",0,",GK,1,0,
42,123,",24,25,26,20,21,22,27,23,",FW,1,0,
42,123,",13,14,15,17,18,19,9,10,11,16,12,",MF,1,0,
42,123,",1,4,5,6,3,7,2,8,",DF,1,0,
42,123,",0,",GK,1,0,
42,122,",24,25,26,20,21,22,27,23,",FW,1,0,
42,122,",13,14,15,17,18,19,9,10,11,16,12,",MF,1,0,
42,122,",1,4,5,6,3,7,2,8,",DF,1,0,
42,122,",0,",GK,1,0,
41,124,",24,25,26,20,21,22,27,23,",FW,1,0,
41,124,",13,14,15,17,18,19,9,10,11,16,12,",MF,1,0,
41,124,",1,4,5,6,3,7,2,8,",DF,1,0,
41,124,",0,",GK,1,0,
41,123,",24,25,26,20,21,22,27,23,",FW,1,0,
41,123,",13,14,15,17,18,19,9,10,11,16,12,",MF,1,0,
41,123,",1,4,5,6,3,7,2,8,",DF,1,0,
41,123,",0,",GK,1,0,
41,122,",24,25,26,20,21,22,27,23,",FW,1,0,
41,122,",13,14,15,17,18,19,9,10,11,16,12,",MF,1,0,
41,122,",1,4,5,6,3,7,2,8,",DF,1,0,
41,122,",0,",GK,1,0,
41,121,",24,25,26,20,21,22,27,23,",FW,1,0,
41,121,",13,14,15,17,18,19,9,10,11,16,12,",MF,1,0,
41,121,",1,4,5,6,3,7,2,8,",DF,1,0,
41,121,",0,",GK,1,0,
41,120,",24,25,26,20,21,22,27,23,",FW,1,0,
41,120,",13,14,15,17,18,19,9,10,11,16,12,",MF,1,0,
41,120,",1,4,5,6,3,7,2,8,",DF,1,0,
41,120,",0,",GK,1,0,
40,123,",24,25,26,20,21,22,27,23,",FW,1,0,
40,123,",13,14,15,17,18,19,9,10,11,16,12,",MF,1,0,
40,123,",1,4,5,6,3,7,2,8,",DF,1,0,
40,123,",0,",GK,1,0,
40,122,",24,25,26,20,21,22,27,23,",FW,1,0,
40,122,",13,14,15,17,18,19,9,10,11,16,12,",MF,1,0,
40,122,",1,4,5,6,3,7,2,8,",DF,1,0,
40,122,",0,",GK,1,0,
40,121,",24,25,26,20,21,22,27,23,",FW,1,0,
40,121,",13,14,15,17,18,19,9,10,11,16,12,",MF,1,0,
40,121,",1,4,5,6,3,7,2,8,",DF,1,0,
40,121,",0,",GK,1,0,
40,120,",24,25,26,20,21,22,27,23,",FW,1,0,
40,120,",13,14,15,17,18,19,9,10,11,16,12,",MF,1,0,
40,120,",1,4,5,6,3,7,2,8,",DF,1,0,
40,120,",0,",GK,1,0,
40,119,",24,25,26,20,21,22,27,23,",FW,1,0,
40,119,",13,14,15,17,18,19,9,10,11,16,12,",MF,1,0,
40,119,",1,4,5,6,3,7,2,8,",DF,1,0,
40,119,",0,",GK,1,0,
40,118,",24,25,26,20,21,22,27,23,",FW,1,0,
40,118,",13,14,15,17,18,19,9,10,11,16,12,",MF,1,0,
40,118,",1,4,5,6,3,7,2,8,",DF,1,0,
40,118,",0,",GK,1,0,
39,120,",24,25,26,20,21,22,27,23,",FW,1,0,
39,120,",13,14,15,17,18,19,9,10,11,16,12,",MF,1,0,
39,120,",1,4,5,6,3,7,2,8,",DF,1,0,
39,120,",0,",GK,1,0,
39,119,",24,25,26,20,21,22,27,23,",FW,1,0,
39,119,",13,14,15,17,18,19,9,10,11,16,12,",MF,1,0,
39,119,",1,4,5,6,3,7,2,8,",DF,1,0,
39,119,",0,",GK,1,0,
39,118,",24,25,26,20,21,22,27,23,",FW,1,0,
39,118,",13,14,15,17,18,19,9,10,11,16,12,",MF,1,0,
39,118,",1,4,5,6,3,7,2,8,",DF,1,0,
39,118,",0,",GK,1,0,
39,117,",24,25,26,20,21,22,27,23,",FW,1,0,
39,117,",13,14,15,17,18,19,9,10,11,16,12,",MF,1,0,
39,117,",1,4,5,6,3,7,2,8,",DF,1,0,
39,117,",0,",GK,1,0,
38,123,",24,25,26,20,21,22,27,23,",FW,1,0,
38,123,",13,14,15,17,18,19,9,10,11,16,12,",MF,1,0,
38,123,",1,4,5,6,3,7,2,8,",DF,1,0,
38,123,",0,",GK,1,0,
38,122,",24,25,26,20,21,22,27,23,",FW,1,0,
38,122,",13,14,15,17,18,19,9,10,11,16,12,",MF,1,0,
38,122,",1,4,5,6,3,7,2,8,",DF,1,0,
38,122,",0,",GK,1,0,
38,121,",24,25,26,20,21,22,27,23,",FW,1,0,
38,121,",13,14,15,17,18,19,9,10,11,16,12,",MF,1,0,
38,121,",1,4,5,6,3,7,2,8,",DF,1,0,
38,121,",0,",GK,1,0,
38,120,",24,25,26,20,21,22,27,23,",FW,1,0,
38,120,",13,14,15,17,18,19,9,10,11,16,12,",MF,1,0,
38,120,",1,4,5,6,3,7,2,8,",DF,1,0,
38,120,",0,",GK,1,0,
38,119,",24,25,26,20,21,22,27,23,",FW,1,0,
38,119,",13,14,15,17,18,19,9,10,11,16,12,",MF,1,0,
38,119,",1,4,5,6,3,7,2,8,",DF,1,0,
38,119,",0,",GK,1,0,
38,118,",24,25,26,20,21,22,27,23,",FW,1,0,
38,118,",13,14,15,17,18,19,9,10,11,16,12,",MF,1,0,
38,118,",1,4,5,6,3,7,2,8,",DF,1,0,
38,118,",0,",GK,1,0,
38,117,",24,25,26,20,21,22,27,23,",FW,1,0,
38,117,",13,14,15,17,18,19,9,10,11,16,12,",MF,1,0,
38,117,",1,4,5,6,3,7,2,8,",DF,1,0,
38,117,",0,",GK,1,0,
38,116,",24,25,26,20,21,22,27,23,",FW,1,0,
38,116,",13,14,15,17,18,19,9,10,11,16,12,",MF,1,0,
38,116,",1,4,5,6,3,7,2,8,",DF,1,0,
38,116,",0,",GK,1,0,
38,115,",24,25,26,20,21,22,27,23,",FW,1,0,
38,115,",13,14,15,17,18,19,9,10,11,16,12,",MF,1,0,
38,115,",1,4,5,6,3,7,2,8,",DF,1,0,
38,115,",0,",GK,1,0,
37,121,",24,25,26,20,21,22,27,23,",FW,1,0,
37,121,",13,14,15,17,18,19,9,10,11,16,12,",MF,1,0,
37,121,",1,4,5,6,3,7,2,8,",DF,1,0,
37,121,",0,",GK,1,0,
36,122,",24,25,26,20,21,22,27,23,",FW,1,0,
36,122,",13,14,15,17,18,19,9,10,11,16,12,",MF,1,0,
36,122,",1,4,5,6,3,7,2,8,",DF,1,0,
36,122,",0,",GK,1,0,
36,121,",24,25,26,20,21,22,27,23,",FW,1,0,
36,121,",13,14,15,17,18,19,9,10,11,16,12,",MF,1,0,
36,121,",1,4,5,6,3,7,2,8,",DF,1,0,
36,121,",0,",GK,1,0,
36,120,",24,25,26,20,21,22,27,23,",FW,1,0,
36,120,",13,14,15,17,18,19,9,10,11,16,12,",MF,1,0,
36,120,",1,4,5,6,3,7,2,8,",DF,1,0,
36,120,",0,",GK,1,0,
36,119,",24,25,26,20,21,22,27,23,",FW,1,0,
36,119,",13,14,15,17,18,19,9,10,11,16,12,",MF,1,0,
36,119,",1,4,5,6,3,7,2,8,",DF,1,0,
36,119,",0,",GK,1,0,
33,125,",24,25,26,20,21,22,27,23,",FW,1,0,
33,125,",13,14,15,17,18,19,9,10,11,16,12,",MF,1,0,
33,125,",1,4,5,6,3,7,2,8,",DF,1,0,
33,125,",0,",GK,1,0,
33,124,",24,25,26,20,21,22,27,23,",FW,1,0,
33,124,",13,14,15,17,18,19,9,10,11,16,12,",MF,1,0,
33,124,",1,4,5,6,3,7,2,8,",DF,1,0,
33,124,",0,",GK,1,0,
33,123,",24,25,26,20,21,22,27,23,",FW,1,0,
33,123,",13,14,15,17,18,19,9,10,11,16,12,",MF,1,0,
33,123,",1,4,5,6,3,7,2,8,",DF,1,0,
33,123,",0,",GK,1,0,
32,125,",24,25,26,20,21,22,27,23,",FW,1,0,
32,125,",13,14,15,17,18,19,9,10,11,16,12,",MF,1,0,
32,125,",1,4,5,6,3,7,2,8,",DF,1,0,
32,125,",0,",GK,1,0,
32,124,",24,25,26,20,21,22,27,23,",FW,1,0,
32,124,",13,14,15,17,18,19,9,10,11,16,12,",MF,1,0,
32,124,",1,4,5,6,3,7,2,8,",DF,1,0,
32,124,",0,",GK,1,0,
32,123,",24,25,26,20,21,22,27,23,",FW,1,0,
32,123,",13,14,15,17,18,19,9,10,11,16,12,",MF,1,0,
32,123,",1,4,5,6,3,7,2,8,",DF,1,0,
32,123,",0,",GK,1,0,
32,122,",24,25,26,20,21,22,27,23,",FW,1,0,
32,122,",13,14,15,17,18,19,9,10,11,16,12,",MF,1,0,
32,122,",1,4,5,6,3,7,2,8,",DF,1,0,
32,122,",0,",GK,1,0,
32,121,",24,25,26,20,21,22,27,23,",FW,1,0,
32,121,",13,14,15,17,18,19,9,10,11,16,12,",MF,1,0,
32,121,",1,4,5,6,3,7,2,8,",DF,1,0,
32,121,",0,",GK,1,0,
32,120,",24,25,26,20,21,22,27,23,",FW,1,0,
32,120,",13,14,15,17,18,19,9,10,11,16,12,",MF,1,0,
32,120,",1,4,5,6,3,7,2,8,",DF,1,0,
32,120,",0,",GK,1,0,
32,119,",24,25,26,20,21,22,27,23,",FW,1,0,
32,119,",13,14,15,17,18,19,9,10,11,16,12,",MF,1,0,
32,119,",1,4,5,6,3,7,2,8,",DF,1,0,
32,119,",0,",GK,1,0,
31,124,",24,25,26,20,21,22,27,23,",FW,1,0,
31,124,",13,14,15,17,18,19,9,10,11,16,12,",MF,1,0,
31,124,",1,4,5,6,3,7,2,8,",DF,1,0,
31,124,",0,",GK,1,0,
31,123,",24,25,26,20,21,22,27,23,",FW,1,0,
31,123,",13,14,15,17,18,19,9,10,11,16,12,",MF,1,0,
31,123,",1,4,5,6,3,7,2,8,",DF,1,0,
31,123,",0,",GK,1,0,
31,122,",24,25,26,20,21,22,27,23,",FW,1,0,
31,122,",13,14,15,17,18,19,9,10,11,16,12,",MF,1,0,
31,122,",1,4,5,6,3,7,2,8,",DF,1,0,
31,122,",0,",GK,1,0,
31,121,",24,25,26,20,21,22,27,23,",FW,1,0,
31,121,",13,14,15,17,18,19,9,10,11,16,12,",MF,1,0,
31,121,",1,4,5,6,3,7,2,8,",DF,1,0,
31,121,",0,",GK,1,0,
31,120,",24,25,26,20,21,22,27,23,",FW,1,0,
31,120,",13,14,15,17,18,19,9,10,11,16,12,",MF,1,0,
31,120,",1,4,5,6,3,7,2,8,",DF,1,0,
31,120,",0,",GK,1,0,
31,119,",24,25,26,20,21,22,27,23,",FW,1,0,
31,119,",13,14,15,17,18,19,9,10,11,16,12,",MF,1,0,
31,119,",1,4,5,6,3,7,2,8,",DF,1,0,
31,119,",0,",GK,1,0,
31,118,",24,25,26,20,21,22,27,23,",FW,1,0,
31,118,",13,14,15,17,18,19,9,10,11,16,12,",MF,1,0,
31,118,",1,4,5,6,3,7,2,8,",DF,1,0,
31,118,",0,",GK,1,0,
31,117,",24,25,26,20,21,22,27,23,",FW,1,0,
31,117,",13,14,15,17,18,19,9,10,11,16,12,",MF,1,0,
31,117,",1,4,5,6,3,7,2,8,",DF,1,0,
31,117,",0,",GK,1,0,
31,116,",24,25,26,20,21,22,27,23,",FW,1,0,
31,116,",13,14,15,17,18,19,9,10,11,16,12,",MF,1,0,
31,116,",1,4,5,6,3,7,2,8,",DF,1,0,
31,116,",0,",GK,1,0,
30,123,",24,25,26,20,21,22,27,23,",FW,1,0,
30,123,",13,14,15,17,18,19,9,10,11,16,12,",MF,1,0,
30,123,",1,4,5,6,3,7,2,8,",DF,1,0,
30,123,",0,",GK,1,0,
30,122,",24,25,26,20,21,22,27,23,",FW,1,0,
30,122,",13,14,15,17,18,19,9,10,11,16,12,",MF,1,0,
30,122,",1,4,5,6,3,7,2,8,",DF,1,0,
30,122,",0,",GK,1,0,
30,121,",24,25,26,20,21,22,27,23,",FW,1,0,
30,121,",13,14,15,17,18,19,9,10,11,16,12,",MF,1,0,
30,121,",1,4,5,6,3,7,2,8,",DF,1,0,
30,121,",0,",GK,1,0,
30,120,",24,25,26,20,21,22,27,23,",FW,1,0,
30,120,",13,14,15,17,18,19,9,10,11,16,12,",MF,1,0,
30,120,",1,4,5,6,3,7,2,8,",DF,1,0,
30,120,",0,",GK,1,0,
30,119,",24,25,26,20,21,22,27,23,",FW,1,0,
30,119,",13,14,15,17,18,19,9,10,11,16,12,",MF,1,0,
30,119,",1,4,5,6,3,7,2,8,",DF,1,0,
30,119,",0,",GK,1,0,
30,118,",24,25,26,20,21,22,27,23,",FW,1,0,
30,118,",13,14,15,17,18,19,9,10,11,16,12,",MF,1,0,
30,118,",1,4,5,6,3,7,2,8,",DF,1,0,
30,118,",0,",GK,1,0,
30,117,",24,25,26,20,21,22,27,23,",FW,1,0,
30,117,",13,14,15,17,18,19,9,10,11,16,12,",MF,1,0,
30,117,",1,4,5,6,3,7,2,8,",DF,1,0,
30,117,",0,",GK,1,0,
30,116,",24,25,26,20,21,22,27,23,",FW,1,0,
30,116,",13,14,15,17,18,19,9,10,11,16,12,",MF,1,0,
30,116,",1,4,5,6,3,7,2,8,",DF,1,0,
30,116,",0,",GK,1,0,
30,115,",24,25,26,20,21,22,27,23,",FW,1,0,
30,115,",13,14,15,17,18,19,9,10,11,16,12,",MF,1,0,
30,115,",1,4,5,6,3,7,2,8,",DF,1,0,
30,115,",0,",GK,1,0,
30,114,",24,25,26,20,21,22,27,23,",FW,1,0,
30,114,",13,14,15,17,18,19,9,10,11,16,12,",MF,1,0,
30,114,",1,4,5,6,3,7,2,8,",DF,1,0,
30,114,",0,",GK,1,0,
30,113,",24,25,26,20,21,22,27,23,",FW,1,0,
30,113,",13,14,15,17,18,19,9,10,11,16,12,",MF,1,0,
30,113,",1,4,5,6,3,7,2,8,",DF,1,0,
30,113,",0,",GK,1,0,
29,120,",24,25,26,20,21,22,27,23,",FW,1,0,
29,120,",13,14,15,17,18,19,9,10,11,16,12,",MF,1,0,
29,120,",1,4,5,6,3,7,2,8,",DF,1,0,
29,120,",0,",GK,1,0,
29,119,",24,25,26,20,21,22,27,23,",FW,1,0,
29,119,",13,14,15,17,18,19,9,10,11,16,12,",MF,1,0,
29,119,",1,4,5,6,3,7,2,8,",DF,1,0,
29,119,",0,",GK,1,0,
29,118,",24,25,26,20,21,22,27,23,",FW,1,0,
29,118,",13,14,15,17,18,19,9,10,11,16,12,",MF,1,0,
29,118,",1,4,5,6,3,7,2,8,",DF,1,0,
29,118,",0,",GK,1,0,
29,117,",24,25,26,20,21,22,27,23,",FW,1,0,
29,117,",13,14,15,17,18,19,9,10,11,16,12,",MF,1,0,
29,117,",1,4,5,6,3,7,2,8,",DF,1,0,
29,117,",0,",GK,1,0,
29,116,",24,25,26,20,21,22,27,23,",FW,1,0,
29,116,",13,14,15,17,18,19,9,10,11,16,12,",MF,1,0,
29,116,",1,4,5,6,3,7,2,8,",DF,1,0,
29,116,",0,",GK,1,0,
29,115,",24,25,26,20,21,22,27,23,",FW,1,0,
29,115,",13,14,15,17,18,19,9,10,11,16,12,",MF,1,0,
29,115,",1,4,5,6,3,7,2,8,",DF,1,0,
29,115,",0,",GK,1,0,
29,114,",24,25,26,20,21,22,27,23,",FW,1,0,
29,114,",13,14,15,17,18,19,9,10,11,16,12,",MF,1,0,
29,114,",1,4,5,6,3,7,2,8,",DF,1,0,
29,114,",0,",GK,1,0,
29,113,",24,25,26,20,21,22,27,23,",FW,1,0,
29,113,",13,14,15,17,18,19,9,10,11,16,12,",MF,1,0,
29,113,",1,4,5,6,3,7,2,8,",DF,1,0,
29,113,",0,",GK,1,0,
28,123,",24,25,26,20,21,22,27,23,",FW,1,0,
28,123,",13,14,15,17,18,19,9,10,11,16,12,",MF,1,0,
28,123,",1,4,5,6,3,7,2,8,",DF,1,0,
28,123,",0,",GK,1,0,
28,122,",24,25,26,20,21,22,27,23,",FW,1,0,
28,122,",13,14,15,17,18,19,9,10,11,16,12,",MF,1,0,
28,122,",1,4,5,6,3,7,2,8,",DF,1,0,
28,122,",0,",GK,1,0,
28,121,",24,25,26,20,21,22,27,23,",FW,1,0,
28,121,",13,14,15,17,18,19,9,10,11,16,12,",MF,1,0,
28,121,",1,4,5,6,3,7,2,8,",DF,1,0,
28,121,",0,",GK,1,0,
28,120,",24,25,26,20,21,22,27,23,",FW,1,0,
28,120,",13,14,15,17,18,19,9,10,11,16,12,",MF,1,0,
28,120,",1,4,5,6,3,7,2,8,",DF,1,0,
28,120,",0,",GK,1,0,
28,119,",24,25,26,20,21,22,27,23,",FW,1,0,
28,119,",13,14,15,17,18,19,9,10,11,16,12,",MF,1,0,
28,119,",1,4,5,6,3,7,2,8,",DF,1,0,
28,119,",0,",GK,1,0,
28,118,",24,25,26,20,21,22,27,23,",FW,1,0,
28,118,",13,14,15,17,18,19,9,10,11,16,12,",MF,1,0,
28,118,",1,4,5,6,3,7,2,8,",DF,1,0,
28,118,",0,",GK,1,0,
28,117,",24,25,26,20,21,22,27,23,",FW,1,0,
28,117,",13,14,15,17,18,19,9,10,11,16,12,",MF,1,0,
28,117,",1,4,5,6,3,7,2,8,",DF,1,0,
28,117,",0,",GK,1,0,
28,116,",24,25,26,20,21,22,27,23,",FW,1,0,
28,116,",13,14,15,17,18,19,9,10,11,16,12,",MF,1,0,
28,116,",1,4,5,6,3,7,2,8,",DF,1,0,
28,116,",0,",GK,1,0,
28,115,",24,25,26,20,21,22,27,23,",FW,1,0,
28,115,",13,14,15,17,18,19,9,10,11,16,12,",MF,1,0,
28,115,",1,4,5,6,3,7,2,8,",DF,1,0,
28,115,",0,",GK,1,0,
28,114,",24,25,26,20,21,22,27,23,",FW,1,0,
28,114,",13,14,15,17,18,19,9,10,11,16,12,",MF,1,0,
28,114,",1,4,5,6,3,7,2,8,",DF,1,0,
28,114,",0,",GK,1,0,
28,113,",24,25,26,20,21,22,27,23,",FW,1,0,
28,113,",13,14,15,17,18,19,9,10,11,16,12,",MF,1,0,
28,113,",1,4,5,6,3,7,2,8,",DF,1,0,
28,113,",0,",GK,1,0,
28,112,",24,25,26,20,21,22,27,23,",FW,1,0,
28,112,",13,14,15,17,18,19,9,10,11,16,12,",MF,1,0,
28,112,",1,4,5,6,3,7,2,8,",DF,1,0,
28,112,",0,",GK,1,0,
28,111,",24,25,26,20,21,22,27,23,",FW,1,0,
28,111,",13,14,15,17,18,19,9,10,11,16,12,",MF,1,0,
28,111,",1,4,5,6,3,7,2,8,",DF,1,0,
28,111,",0,",GK,1,0,
28,110,",24,25,26,20,21,22,27,23,",FW,1,0,
28,110,",13,14,15,17,18,19,9,10,11,16,12,",MF,1,0,
28,110,",1,4,5,6,3,7,2,8,",DF,1,0,
28,110,",0,",GK,1,0,
28,109,",24,25,26,20,21,22,27,23,",FW,1,0,
28,109,",13,14,15,17,18,19,9,10,11,16,12,",MF,1,0,
28,109,",1,4,5,6,3,7,2,8,",DF,1,0,
28,109,",0,",GK,1,0,
27,121,",24,25,26,20,21,22,27,23,",FW,1,0,
27,121,",13,14,15,17,18,19,9,10,11,16,12,",MF,1,0,
27,121,",1,4,5,6,3,7,2,8,",DF,1,0,
27,121,",0,",GK,1,0,
27,120,",24,25,26,20,21,22,27,23,",FW,1,0,
27,120,",13,14,15,17,18,19,9,10,11,16,12,",MF,1,0,
27,120,",1,4,5,6,3,7,2,8,",DF,1,0,
27,120,",0,",GK,1,0,
27,119,",24,25,26,20,21,22,27,23,",FW,1,0,
27,119,",13,14,15,17,18,19,9,10,11,16,12,",MF,1,0,
27,119,",1,4,5,6,3,7,2,8,",DF,1,0,
27,119,",0,",GK,1,0,
27,118,",24,25,26,20,21,22,27,23,",FW,1,0,
27,118,",13,14,15,17,18,19,9,10,11,16,12,",MF,1,0,
27,118,",1,4,5,6,3,7,2,8,",DF,1,0,
27,118,",0,",GK,1,0,
27,117,",24,25,26,20,21,22,27,23,",FW,1,0,
27,117,",13,14,15,17,18,19,9,10,11,16,12,",MF,1,0,
27,117,",1,4,5,6,3,7,2,8,",DF,1,0,
27,117,",0,",GK,1,0,
27,116,",24,25,26,20,21,22,27,23,",FW,1,0,
27,116,",13,14,15,17,18,19,9,10,11,16,12,",MF,1,0,
27,116,",1,4,5,6,3,7,2,8,",DF,1,0,
27,116,",0,",GK,1,0,
27,115,",24,25,26,20,21,22,27,23,",FW,1,0,
27,115,",13,14,15,17,18,19,9,10,11,16,12,",MF,1,0,
27,115,",1,4,5,6,3,7,2,8,",DF,1,0,
27,115,",0,",GK,1,0,
27,114,",24,25,26,20,21,22,27,23,",FW,1,0,
27,114,",13,14,15,17,18,19,9,10,11,16,12,",MF,1,0,
27,114,",1,4,5,6,3,7,2,8,",DF,1,0,
27,114,",0,",GK,1,0,
27,113,",24,25,26,20,21,22,27,23,",FW,1,0,
27,113,",13,14,15,17,18,19,9,10,11,16,12,",MF,1,0,
27,113,",1,4,5,6,3,7,2,8,",DF,1,0,
27,113,",0,",GK,1,0,
27,112,",24,25,26,20,21,22,27,23,",FW,1,0,
27,112,",13,14,15,17,18,19,9,10,11,16,12,",MF,1,0,
27,112,",1,4,5,6,3,7,2,8,",DF,1,0,
27,112,",0,",GK,1,0,
27,111,",24,25,26,20,21,22,27,23,",FW,1,0,
27,111,",13,14,15,17,18,19,9,10,11,16,12,",MF,1,0,
27,111,",1,4,5,6,3,7,2,8,",DF,1,0,
27,111,",0,",GK,1,0,
27,110,",24,25,26,20,21,22,27,23,",FW,1,0,
27,110,",13,14,15,17,18,19,9,10,11,16,12,",MF,1,0,
27,110,",1,4,5,6,3,7,2,8,",DF,1,0,
27,110,",0,",GK,1,0,
27,109,",24,25,26,20,21,22,27,23,",FW,1,0,
27,109,",13,14,15,17,18,19,9,10,11,16,12,",MF,1,0,
27,109,",1,4,5,6,3,7,2,8,",DF,1,0,
27,109,",0,",GK,1,0,
27,108,",24,25,26,20,21,22,27,23,",FW,1,0,
27,108,",13,14,15,17,18,19,9,10,11,16,12,",MF,1,0,
27,108,",1,4,5,6,3,7,2,8,",DF,1,0,
27,108,",0,",GK,1,0,
27,107,",24,25,26,20,21,22,27,23,",FW,1,0,
27,107,",13,14,15,17,18,19,9,10,11,16,12,",MF,1,0,
27,107,",1,4,5,6,3,7,2,8,",DF,1,0,
27,107,",0,",GK,1,0,
26,122,",24,25,26,20,21,22,27,23,",FW,1,0,
26,122,",13,14,15,17,18,19,9,10,11,16,12,",MF,1,0,
26,122,",1,4,5,6,3,7,2,8,",DF,1,0,
26,122,",0,",GK,1,0,
26,121,",24,25,26,20,21,22,27,23,",FW,1,0,
26,121,",13,14,15,17,18,19,9,10,11,16,12,",MF,1,0,
26,121,",1,4,5,6,3,7,2,8,",DF,1,0,
26,121,",0,",GK,1,0,
26,120,",24,25,26,20,21,22,27,23,",FW,1,0,
26,120,",13,14,15,17,18,19,9,10,11,16,12,",MF,1,0,
26,120,",1,4,5,6,3,7,2,8,",DF,1,0,
26,120,",0,",GK,1,0,
26,119,",24,25,26,20,21,22,27,23,",FW,1,0,
26,119,",13,14,15,17,18,19,9,10,11,16,12,",MF,1,0,
26,119,",1,4,5,6,3,7,2,8,",DF,1,0,
26,119,",0,",GK,1,0,
26,118,",24,25,26,20,21,22,27,23,",FW,1,0,
26,118,",13,14,15,17,18,19,9,10,11,16,12,",MF,1,0,
26,118,",1,4,5,6,3,7,2,8,",DF,1,0,
26,118,",0,",GK,1,0,
26,117,",24,25,26,20,21,22,27,23,",FW,1,0,
26,117,",13,14,15,17,18,19,9,10,11,16,12,",MF,1,0,
26,117,",1,4,5,6,3,7,2,8,",DF,1,0,
26,117,",0,",GK,1,0,
26,116,",24,25,26,20,21,22,27,23,",FW,1,0,
26,116,",13,14,15,17,18,19,9,10,11,16,12,",MF,1,0,
26,116,",1,4,5,6,3,7,2,8,",DF,1,0,
26,116,",0,",GK,1,0,
26,115,",24,25,26,20,21,22,27,23,",FW,1,0,
26,115,",13,14,15,17,18,19,9,10,11,16,12,",MF,1,0,
26,115,",1,4,5,6,3,7,2,8,",DF,1,0,
26,115,",0,",GK,1,0,
26,114,",24,25,26,20,21,22,27,23,",FW,1,0,
26,114,",13,14,15,17,18,19,9,10,11,16,12,",MF,1,0,
26,114,",1,4,5,6,3,7,2,8,",DF,1,0,
26,114,",0,",GK,1,0,
26,113,",24,25,26,20,21,22,27,23,",FW,1,0,
26,113,",13,14,15,17,18,19,9,10,11,16,12,",MF,1,0,
26,113,",1,4,5,6,3,7,2,8,",DF,1,0,
26,113,",0,",GK,1,0,
26,112,",24,25,26,20,21,22,27,23,",FW,1,0,
26,112,",13,14,15,17,18,19,9,10,11,16,12,",MF,1,0,
26,112,",1,4,5,6,3,7,2,8,",DF,1,0,
26,112,",0,",GK,1,0,
26,111,",24,25,26,20,21,22,27,23,",FW,1,0,
26,111,",13,14,15,17,18,19,9,10,11,16,12,",MF,1,0,
26,111,",1,4,5,6,3,7,2,8,",DF,1,0,
26,111,",0,",GK,1,0,
26,110,",24,25,26,20,21,22,27,23,",FW,1,0,
26,110,",13,14,15,17,18,19,9,10,11,16,12,",MF,1,0,
26,110,",1,4,5,6,3,7,2,8,",DF,1,0,
26,110,",0,",GK,1,0,
26,109,",24,25,26,20,21,22,27,23,",FW,1,0,
26,109,",13,14,15,17,18,19,9,10,11,16,12,",MF,1,0,
26,109,",1,4,5,6,3,7,2,8,",DF,1,0,
26,109,",0,",GK,1,0,
26,108,",24,25,26,20,21,22,27,23,",FW,1,0,
26,108,",13,14,15,17,18,19,9,10,11,16,12,",MF,1,0,
26,108,",1,4,5,6,3,7,2,8,",DF,1,0,
26,108,",0,",GK,1,0,
26,107,",24,25,26,20,21,22,27,23,",FW,1,0,
26,107,",13,14,15,17,18,19,9,10,11,16,12,",MF,1,0,
26,107,",1,4,5,6,3,7,2,8,",DF,1,0,
26,107,",0,",GK,1,0,
26,106,",24,25,26,20,21,22,27,23,",FW,1,0,
26,106,",13,14,15,17,18,19,9,10,11,16,12,",MF,1,0,
26,106,",1,4,5,6,3,7,2,8,",DF,1,0,
26,106,",0,",GK,1,0,
26,105,",24,25,26,20,21,22,27,23,",FW,1,0,
26,105,",13,14,15,17,18,19,9,10,11,16,12,",MF,1,0,
26,105,",1,4,5,6,3,7,2,8,",DF,1,0,
26,105,",0,",GK,1,0,
26,104,",24,25,26,20,21,22,27,23,",FW,1,0,
26,104,",13,14,15,17,18,19,9,10,11,16,12,",MF,1,0,
26,104,",1,4,5,6,3,7,2,8,",DF,1,0,
26,104,",0,",GK,1,0,
25,118,",24,25,26,20,21,22,27,23,",FW,1,0,
25,118,",13,14,15,17,18,19,9,10,11,16,12,",MF,1,0,
25,118,",1,4,5,6,3,7,2,8,",DF,1,0,
25,118,",0,",GK,1,0,
25,117,",24,25,26,20,21,22,27,23,",FW,1,0,
25,117,",13,14,15,17,18,19,9,10,11,16,12,",MF,1,0,
25,117,",1,4,5,6,3,7,2,8,",DF,1,0,
25,117,",0,",GK,1,0,
25,116,",24,25,26,20,21,22,27,23,",FW,1,0,
25,116,",13,14,15,17,18,19,9,10,11,16,12,",MF,1,0,
25,116,",1,4,5,6,3,7,2,8,",DF,1,0,
25,116,",0,",GK,1,0,
25,115,",24,25,26,20,21,22,27,23,",FW,1,0,
25,115,",13,14,15,17,18,19,9,10,11,16,12,",MF,1,0,
25,115,",1,4,5,6,3,7,2,8,",DF,1,0,
25,115,",0,",GK,1,0,
25,114,",24,25,26,20,21,22,27,23,",FW,1,0,
25,114,",13,14,15,17,18,19,9,10,11,16,12,",MF,1,0,
25,114,",1,4,5,6,3,7,2,8,",DF,1,0,
25,114,",0,",GK,1,0,
25,113,",24,25,26,20,21,22,27,23,",FW,1,0,
25,113,",13,14,15,17,18,19,9,10,11,16,12,",MF,1,0,
25,113,",1,4,5,6,3,7,2,8,",DF,1,0,
25,113,",0,",GK,1,0,
25,112,",24,25,26,20,21,22,27,23,",FW,1,0,
25,112,",13,14,15,17,18,19,9,10,11,16,12,",MF,1,0,
25,112,",1,4,5,6,3,7,2,8,",DF,1,0,
25,112,",0,",GK,1,0,
25,111,",24,25,26,20,21,22,27,23,",FW,1,0,
25,111,",13,14,15,17,18,19,9,10,11,16,12,",MF,1,0,
25,111,",1,4,5,6,3,7,2,8,",DF,1,0,
25,111,",0,",GK,1,0,
25,110,",24,25,26,20,21,22,27,23,",FW,1,0,
25,110,",13,14,15,17,18,19,9,10,11,16,12,",MF,1,0,
25,110,",1,4,5,6,3,7,2,8,",DF,1,0,
25,110,",0,",GK,1,0,
25,109,",24,25,26,20,21,22,27,23,",FW,1,0,
25,109,",13,14,15,17,18,19,9,10,11,16,12,",MF,1,0,
25,109,",1,4,5,6,3,7,2,8,",DF,1,0,
25,109,",0,",GK,1,0,
25,108,",24,25,26,20,21,22,27,23,",FW,1,0,
25,108,",13,14,15,17,18,19,9,10,11,16,12,",MF,1,0,
25,108,",1,4,5,6,3,7,2,8,",DF,1,0,
25,108,",0,",GK,1,0,
25,107,",24,25,26,20,21,22,27,23,",FW,1,0,
25,107,",13,14,15,17,18,19,9,10,11,16,12,",MF,1,0,
25,107,",1,4,5,6,3,7,2,8,",DF,1,0,
25,107,",0,",GK,1,0,
25,106,",24,25,26,20,21,22,27,23,",FW,1,0,
25,106,",13,14,15,17,18,19,9,10,11,16,12,",MF,1,0,
25,106,",1,4,5,6,3,7,2,8,",DF,1,0,
25,106,",0,",GK,1,0,
25,105,",24,25,26,20,21,22,27,23,",FW,1,0,
25,105,",13,14,15,17,18,19,9,10,11,16,12,",MF,1,0,
25,105,",1,4,5,6,3,7,2,8,",DF,1,0,
25,105,",0,",GK,1,0,
25,104,",24,25,26,20,21,22,27,23,",FW,1,0,
25,104,",13,14,15,17,18,19,9,10,11,16,12,",MF,1,0,
25,104,",1,4,5,6,3,7,2,8,",DF,1,0,
25,104,",0,",GK,1,0,
25,103,",24,25,26,20,21,22,27,23,",FW,1,0,
25,103,",13,14,15,17,18,19,9,10,11,16,12,",MF,1,0,
25,103,",1,4,5,6,3,7,2,8,",DF,1,0,
25,103,",0,",GK,1,0,
24,118,",24,25,26,20,21,22,27,23,",FW,1,0,
24,118,",13,14,15,17,18,19,9,10,11,16,12,",MF,1,0,
24,118,",1,4,5,6,3,7,2,8,",DF,1,0,
24,118,",0,",GK,1,0,
24,117,",24,25,26,20,21,22,27,23,",FW,1,0,
24,117,",13,14,15,17,18,19,9,10,11,16,12,",MF,1,0,
24,117,",1,4,5,6,3,7,2,8,",DF,1,0,
24,117,",0,",GK,1,0,
24,116,",24,25,26,20,21,22,27,23,",FW,1,0,
24,116,",13,14,15,17,18,19,9,10,11,16,12,",MF,1,0,
24,116,",1,4,5,6,3,7,2,8,",DF,1,0,
24,116,",0,",GK,1,0,
24,115,",24,25,26,20,21,22,27,23,",FW,1,0,
24,115,",13,14,15,17,18,19,9,10,11,16,12,",MF,1,0,
24,115,",1,4,5,6,3,7,2,8,",DF,1,0,
24,115,",0,",GK,1,0,
24,114,",24,25,26,20,21,22,27,23,",FW,1,0,
24,114,",13,14,15,17,18,19,9,10,11,16,12,",MF,1,0,
24,114,",1,4,5,6,3,7,2,8,",DF,1,0,
24,114,",0,",GK,1,0,
24,113,",24,25,26,20,21,22,27,23,",FW,1,0,
24,113,",13,14,15,17,18,19,9,10,11,16,12,",MF,1,0,
24,113,",1,4,5,6,3,7,2,8,",DF,1,0,
24,113,",0,",GK,1,0,
24,112,",24,25,26,20,21,22,27,23,",FW,1,0,
24,112,",13,14,15,17,18,19,9,10,11,16,12,",MF,1,0,
24,112,",1,4,5,6,3,7,2,8,",DF,1,0,
24,112,",0,",GK,1,0,
24,111,",24,25,26,20,21,22,27,23,",FW,1,0,
24,111,",13,14,15,17,18,19,9,10,11,16,12,",MF,1,0,
24,111,",1,4,5,6,3,7,2,8,",DF,1,0,
24,111,",0,",GK,1,0,
24,110,",24,25,26,20,21,22,27,23,",FW,1,0,
24,110,",13,14,15,17,18,19,9,10,11,16,12,",MF,1,0,
24,110,",1,4,5,6,3,7,2,8,",DF,1,0,
24,110,",0,",GK,1,0,
24,109,",24,25,26,20,21,22,27,23,",FW,1,0,
24,109,",13,14,15,17,18,19,9,10,11,16,12,",MF,1,0,
24,109,",1,4,5,6,3,7,2,8,",DF,1,0,
24,109,",0,",GK,1,0,
24,108,",24,25,26,20,21,22,27,23,",FW,1,0,
24,108,",13,14,15,17,18,19,9,10,11,16,12,",MF,1,0,
24,108,",1,4,5,6,3,7,2,8,",DF,1,0,
24,108,",0,",GK,1,0,
24,107,",24,25,26,20,21,22,27,23,",FW,1,0,
24,107,",13,14,15,17,18,19,9,10,11,16,12,",MF,1,0,
24,107,",1,4,5,6,3,7,2,8,",DF,1,0,
24,107,",0,",GK,1,0,
24,106,",24,25,26,20,21,22,27,23,",FW,1,0,
24,106,",13,14,15,17,18,19,9,10,11,16,12,",MF,1,0,
24,106,",1,4,5,6,3,7,2,8,",DF,1,0,
24,106,",0,",GK,1,0,
24,105,",24,25,26,20,21,22,27,23,",FW,1,0,
24,105,",13,14,15,17,18,19,9,10,11,16,12,",MF,1,0,
24,105,",1,4,5,6,3,7,2,8,",DF,1,0,
24,105,",0,",GK,1,0,
24,104,",24,25,26,20,21,22,27,23,",FW,1,0,
24,104,",13,14,15,17,18,19,9,10,11,16,12,",MF,1,0,
24,104,",1,4,5,6,3,7,2,8,",DF,1,0,
24,104,",0,",GK,1,0,
24,103,",24,25,26,20,21,22,27,23,",FW,1,0,
24,103,",13,14,15,17,18,19,9,10,11,16,12,",MF,1,0,
24,103,",1,4,5,6,3,7,2,8,",DF,1,0,
24,103,",0,",GK,1,0,
24,102,",24,25,26,20,21,22,27,23,",FW,1,0,
24,102,",13,14,15,17,18,19,9,10,11,16,12,",MF,1,0,
24,102,",1,4,5,6,3,7,2,8,",DF,1,0,
24,102,",0,",GK,1,0,
23,115,",24,25,26,20,21,22,27,23,",FW,1,0,
23,115,",13,14,15,17,18,19,9,10,11,16,12,",MF,1,0,
23,115,",1,4,5,6,3,7,2,8,",DF,1,0,
23,115,",0,",GK,1,0,
23,114,",24,25,26,20,21,22,27,23,",FW,1,0,
23,114,",13,14,15,17,18,19,9,10,11,16,12,",MF,1,0,
23,114,",1,4,5,6,3,7,2,8,",DF,1,0,
23,114,",0,",GK,1,0,
23,113,",24,25,26,20,21,22,27,23,",FW,1,0,
23,113,",13,14,15,17,18,19,9,10,11,16,12,",MF,1,0,
23,113,",1,4,5,6,3,7,2,8,",DF,1,0,
23,113,",0,",GK,1,0,
23,112,",24,25,26,20,21,22,27,23,",FW,1,0,
23,112,",13,14,15,17,18,19,9,10,11,16,12,",MF,1,0,
23,112,",1,4,5,6,3,7,2,8,",DF,1,0,
23,112,",0,",GK,1,0,
23,111,",24,25,26,20,21,22,27,23,",FW,1,0,
23,111,",13,14,15,17,18,19,9,10,11,16,12,",MF,1,0,
23,111,",1,4,5,6,3,7,2,8,",DF,1,0,
23,111,",0,",GK,1,0,
23,110,",24,25,26,20,21,22,27,23,",FW,1,0,
23,110,",13,14,15,17,18,19,9,10,11,16,12,",MF,1,0,
23,110,",1,4,5,6,3,7,2,8,",DF,1,0,
23,110,",0,",GK,1,0,
23,109,",24,25,26,20,21,22,27,23,",FW,1,0,
23,109,",13,14,15,17,18,19,9,10,11,16,12,",MF,1,0,
23,109,",1,4,5,6,3,7,2,8,",DF,1,0,
23,109,",0,",GK,1,0,
23,108,",24,25,26,20,21,22,27,23,",FW,1,0,
23,108,",13,14,15,17,18,19,9,10,11,16,12,",MF,1,0,
23,108,",1,4,5,6,3,7,2,8,",DF,1,0,
23,108,",0,",GK,1,0,
23,107,",24,25,26,20,21,22,27,23,",FW,1,0,
23,107,",13,14,15,17,18,19,9,10,11,16,12,",MF,1,0,
23,107,",1,4,5,6,3,7,2,8,",DF,1,0,
23,107,",0,",GK,1,0,
23,106,",24,25,26,20,21,22,27,23,",FW,1,0,
23,106,",13,14,15,17,18,19,9,10,11,16,12,",MF,1,0,
23,106,",1,4,5,6,3,7,2,8,",DF,1,0,
23,106,",0,",GK,1,0,
23,105,",24,25,26,20,21,22,27,23,",FW,1,0,
23,105,",13,14,15,17,18,19,9,10,11,16,12,",MF,1,0,
23,105,",1,4,5,6,3,7,2,8,",DF,1,0,
23,105,",0,",GK,1,0,
23,104,",24,25,26,20,21,22,27,23,",FW,1,0,
23,104,",13,14,15,17,18,19,9,10,11,16,12,",MF,1,0,
23,104,",1,4,5,6,3,7,2,8,",DF,1,0,
23,104,",0,",GK,1,0,
23,103,",24,25,26,20,21,22,27,23,",FW,1,0,
23,103,",13,14,15,17,18,19,9,10,11,16,12,",MF,1,0,
23,103,",1,4,5,6,3,7,2,8,",DF,1,0,
23,103,",0,",GK,1,0,
23,102,",24,25,26,20,21,22,27,23,",FW,1,0,
23,102,",13,14,15,17,18,19,9,10,11,16,12,",MF,1,0,
23,102,",1,4,5,6,3,7,2,8,",DF,1,0,
23,102,",0,",GK,1,0,
23,101,",24,25,26,20,21,22,27,23,",FW,1,0,
23,101,",13,14,15,17,18,19,9,10,11,16,12,",MF,1,0,
23,101,",1,4,5,6,3,7,2,8,",DF,1,0,
23,101,",0,",GK,1,0,
23,100,",24,25,26,20,21,22,27,23,",FW,1,0,
23,100,",13,14,15,17,18,19,9,10,11,16,12,",MF,1,0,
23,100,",1,4,5,6,3,7,2,8,",DF,1,0,
23,100,",0,",GK,1,0,
22,116,",24,25,26,20,21,22,27,23,",FW,1,0,
22,116,",13,14,15,17,18,19,9,10,11,16,12,",MF,1,0,
22,116,",1,4,5,6,3,7,2,8,",DF,1,0,
22,116,",0,",GK,1,0,
22,115,",24,25,26,20,21,22,27,23,",FW,1,0,
22,115,",13,14,15,17,18,19,9,10,11,16,12,",MF,1,0,
22,115,",1,4,5,6,3,7,2,8,",DF,1,0,
22,115,",0,",GK,1,0,
22,114,",24,25,26,20,21,22,27,23,",FW,1,0,
22,114,",13,14,15,17,18,19,9,10,11,16,12,",MF,1,0,
22,114,",1,4,5,6,3,7,2,8,",DF,1,0,
22,114,",0,",GK,1,0,
22,113,",24,25,26,20,21,22,27,23,",FW,1,0,
22,113,",13,14,15,17,18,19,9,10,11,16,12,",MF,1,0,
22,113,",1,4,5,6,3,7,2,8,",DF,1,0,
22,113,",0,",GK,1,0,
22,112,",24,25,26,20,21,22,27,23,",FW,1,0,
22,112,",13,14,15,17,18,19,9,10,11,16,12,",MF,1,0,
22,112,",1,4,5,6,3,7,2,8,",DF,1,0,
22,112,",0,",GK,1,0,
22,111,",24,25,26,20,21,22,27,23,",FW,1,0,
22,111,",13,14,15,17,18,19,9,10,11,16,12,",MF,1,0,
22,111,",1,4,5,6,3,7,2,8,",DF,1,0,
22,111,",0,",GK,1,0,
22,110,",24,25,26,20,21,22,27,23,",FW,1,0,
22,110,",13,14,15,17,18,19,9,10,11,16,12,",MF,1,0,
22,110,",1,4,5,6,3,7,2,8,",DF,1,0,
22,110,",0,",GK,1,0,
22,109,",24,25,26,20,21,22,27,23,",FW,1,0,
22,109,",13,14,15,17,18,19,9,10,11,16,12,",MF,1,0,
22,109,",1,4,5,6,3,7,2,8,",DF,1,0,
22,109,",0,",GK,1,0,
22,108,",24,25,26,20,21,22,27,23,",FW,1,0,
22,108,",13,14,15,17,18,19,9,10,11,16,12,",MF,1,0,
22,108,",1,4,5,6,3,7,2,8,",DF,1,0,
22,108,",0,",GK,1,0,
22,107,",24,25,26,20,21,22,27,23,",FW,1,0,
22,107,",13,14,15,17,18,19,9,10,11,16,12,",MF,1,0,
22,107,",1,4,5,6,3,7,2,8,",DF,1,0,
22,107,",0,",GK,1,0,
22,106,",24,25,26,20,21,22,27,23,",FW,1,0,
22,106,",13,14,15,17,18,19,9,10,11,16,12,",MF,1,0,
22,106,",1,4,5,6,3,7,2,8,",DF,1,0,
22,106,",0,",GK,1,0,
22,105,",24,25,26,20,21,22,27,23,",FW,1,0,
22,105,",13,14,15,17,18,19,9,10,11,16,12,",MF,1,0,
22,105,",1,4,5,6,3,7,2,8,",DF,1,0,
22,105,",0,",GK,1,0,
22,104,",24,25,26,20,21,22,27,23,",FW,1,0,
22,104,",13,14,15,17,18,19,9,10,11,16,12,",MF,1,0,
22,104,",1,4,5,6,3,7,2,8,",DF,1,0,
22,104,",0,",GK,1,0,
22,103,",24,25,26,20,21,22,27,23,",FW,1,0,
22,103,",13,14,15,17,18,19,9,10,11,16,12,",MF,1,0,
22,103,",1,4,5,6,3,7,2,8,",DF,1,0,
22,103,",0,",GK,1,0,
22,102,",24,25,26,20,21,22,27,23,",FW,1,0,
22,102,",13,14,15,17,18,19,9,10,11,16,12,",MF,1,0,
22,102,",1,4,5,6,3,7,2,8,",DF,1,0,
22,102,",0,",GK,1,0,
22,101,",24,25,26,20,21,22,27,23,",FW,1,0,
22,101,",13,14,15,17,18,19,9,10,11,16,12,",MF,1,0,
22,101,",1,4,5,6,3,7,2,8,",DF,1,0,
22,101,",0,",GK,1,0,
22,100,",24,25,26,20,21,22,27,23,",FW,1,0,
22,100,",13,14,15,17,18,19,9,10,11,16,12,",MF,1,0,
22,100,",1,4,5,6,3,7,2,8,",DF,1,0,
22,100,",0,",GK,1,0,
22,99,",24,25,26,20,21,22,27,23,",FW,1,0,
22,99,",13,14,15,17,18,19,9,10,11,16,12,",MF,1,0,
22,99,",1,4,5,6,3,7,2,8,",DF,1,0,
22,99,",0,",GK,1,0,
22,98,",24,25,26,20,21,22,27,23,",FW,1,0,
22,98,",13,14,15,17,18,19,9,10,11,16,12,",MF,1,0,
22,98,",1,4,5,6,3,7,2,8,",DF,1,0,
22,98,",0,",GK,1,0,
22,97,",24,25,26,20,21,22,27,23,",FW,1,0,
22,97,",13,14,15,17,18,19,9,10,11,16,12,",MF,1,0,
22,97,",1,4,5,6,3,7,2,8,",DF,1,0,
22,97,",0,",GK,1,0,
21,113,",24,25,26,20,21,22,27,23,",FW,1,0,
21,113,",13,14,15,17,18,19,9,10,11,16,12,",MF,1,0,
21,113,",1,4,5,6,3,7,2,8,",DF,1,0,
21,113,",0,",GK,1,0,
21,112,",24,25,26,20,21,22,27,23,",FW,1,0,
21,112,",13,14,15,17,18,19,9,10,11,16,12,",MF,1,0,
21,112,",1,4,5,6,3,7,2,8,",DF,1,0,
21,112,",0,",GK,1,0,
21,111,",24,25,26,20,21,22,27,23,",FW,1,0,
21,111,",13,14,15,17,18,19,9,10,11,16,12,",MF,1,0,
21,111,",1,4,5,6,3,7,2,8,",DF,1,0,
21,111,",0,",GK,1,0,
21,110,",24,25,26,20,21,22,27,23,",FW,1,0,
21,110,",13,14,15,17,18,19,9,10,11,16,12,",MF,1,0,
21,110,",1,4,5,6,3,7,2,8,",DF,1,0,
21,110,",0,",GK,1,0,
21,109,",24,25,26,20,21,22,27,23,",FW,1,0,
21,109,",13,14,15,17,18,19,9,10,11,16,12,",MF,1,0,
21,109,",1,4,5,6,3,7,2,8,",DF,1,0,
21,109,",0,",GK,1,0,
21,108,",24,25,26,20,21,22,27,23,",FW,1,0,
21,108,",13,14,15,17,18,19,9,10,11,16,12,",MF,1,0,
21,108,",1,4,5,6,3,7,2,8,",DF,1,0,
21,108,",0,",GK,1,0,
21,107,",24,25,26,20,21,22,27,23,",FW,1,0,
21,107,",13,14,15,17,18,19,9,10,11,16,12,",MF,1,0,
21,107,",1,4,5,6,3,7,2,8,",DF,1,0,
21,107,",0,",GK,1,0,
21,106,",24,25,26,20,21,22,27,23,",FW,1,0,
21,106,",13,14,15,17,18,19,9,10,11,16,12,",MF,1,0,
21,106,",1,4,5,6,3,7,2,8,",DF,1,0,
21,106,",0,",GK,1,0,
21,105,",24,25,26,20,21,22,27,23,",FW,1,0,
21,105,",13,14,15,17,18,19,9,10,11,16,12,",MF,1,0,
21,105,",1,4,5,6,3,7,2,8,",DF,1,0,
21,105,",0,",GK,1,0,
21,104,",24,25,26,20,21,22,27,23,",FW,1,0,
21,104,",13,14,15,17,18,19,9,10,11,16,12,",MF,1,0,
21,104,",1,4,5,6,3,7,2,8,",DF,1,0,
21,104,",0,",GK,1,0,
21,103,",24,25,26,20,21,22,27,23,",FW,1,0,
21,103,",13,14,15,17,18,19,9,10,11,16,12,",MF,1,0,
21,103,",1,4,5,6,3,7,2,8,",DF,1,0,
21,103,",0,",GK,1,0,
21,102,",24,25,26,20,21,22,27,23,",FW,1,0,
21,102,",13,14,15,17,18,19,9,10,11,16,12,",MF,1,0,
21,102,",1,4,5,6,3,7,2,8,",DF,1,0,
21,102,",0,",GK,1,0,
21,101,",24,25,26,20,21,22,27,23,",FW,1,0,
21,101,",13,14,15,17,18,19,9,10,11,16,12,",MF,1,0,
21,101,",1,4,5,6,3,7,2,8,",DF,1,0,
21,101,",0,",GK,1,0,
21,100,",24,25,26,20,21,22,27,23,",FW,1,0,
21,100,",13,14,15,17,18,19,9,10,11,16,12,",MF,1,0,
21,100,",1,4,5,6,3,7,2,8,",DF,1,0,
21,100,",0,",GK,1,0,
21,99,",24,25,26,20,21,22,27,23,",FW,1,0,
21,99,",13,14,15,17,18,19,9,10,11,16,12,",MF,1,0,
21,99,",1,4,5,6,3,7,2,8,",DF,1,0,
21,99,",0,",GK,1,0,
21,98,",24,25,26,20,21,22,27,23,",FW,1,0,
21,98,",13,14,15,17,18,19,9,10,11,16,12,",MF,1,0,
21,98,",1,4,5,6,3,7,2,8,",DF,1,0,
21,98,",0,",GK,1,0,
21,97,",24,25,26,20,21,22,27,23,",FW,1,0,
21,97,",13,14,15,17,18,19,9,10,11,16,12,",MF,1,0,
21,97,",1,4,5,6,3,7,2,8,",DF,1,0,
21,97,",0,",GK,1,0,
21,96,",24,25,26,20,21,22,27,23,",FW,1,0,
21,96,",13,14,15,17,18,19,9,10,11,16,12,",MF,1,0,
21,96,",1,4,5,6,3,7,2,8,",DF,1,0,
21,96,",0,",GK,1,0,
21,95,",24,25,26,20,21,22,27,23,",FW,1,0,
21,95,",13,14,15,17,18,19,9,10,11,16,12,",MF,1,0,
21,95,",1,4,5,6,3,7,2,8,",DF,1,0,
21,95,",0,",GK,1,0,
21,94,",24,25,26,20,21,22,27,23,",FW,1,0,
21,94,",13,14,15,17,18,19,9,10,11,16,12,",MF,1,0,
21,94,",1,4,5,6,3,7,2,8,",DF,1,0,
21,94,",0,",GK,1,0,
20,111,",24,25,26,20,21,22,27,23,",FW,1,0,
20,111,",13,14,15,17,18,19,9,10,11,16,12,",MF,1,0,
20,111,",1,4,5,6,3,7,2,8,",DF,1,0,
20,111,",0,",GK,1,0,
20,110,",24,25,26,20,21,22,27,23,",FW,1,0,
20,110,",13,14,15,17,18,19,9,10,11,16,12,",MF,1,0,
20,110,",1,4,5,6,3,7,2,8,",DF,1,0,
20,110,",0,",GK,1,0,
20,109,",24,25,26,20,21,22,27,23,",FW,1,0,
20,109,",13,14,15,17,18,19,9,10,11,16,12,",MF,1,0,
20,109,",1,4,5,6,3,7,2,8,",DF,1,0,
20,109,",0,",GK,1,0,
20,108,",24,25,26,20,21,22,27,23,",FW,1,0,
20,108,",13,14,15,17,18,19,9,10,11,16,12,",MF,1,0,
20,108,",1,4,5,6,3,7,2,8,",DF,1,0,
20,108,",0,",GK,1,0,
20,107,",24,25,26,20,21,22,27,23,",FW,1,0,
20,107,",13,14,15,17,18,19,9,10,11,16,12,",MF,1,0,
20,107,",1,4,5,6,3,7,2,8,",DF,1,0,
20,107,",0,",GK,1,0,
20,106,",24,25,26,20,21,22,27,23,",FW,1,0,
20,106,",13,14,15,17,18,19,9,10,11,16,12,",MF,1,0,
20,106,",1,4,5,6,3,7,2,8,",DF,1,0,
20,106,",0,",GK,1,0,
20,105,",24,25,26,20,21,22,27,23,",FW,1,0,
20,105,",13,14,15,17,18,19,9,10,11,16,12,",MF,1,0,
20,105,",1,4,5,6,3,7,2,8,",DF,1,0,
20,105,",0,",GK,1,0,
20,104,",24,25,26,20,21,22,27,23,",FW,1,0,
20,104,",13,14,15,17,18,19,9,10,11,16,12,",MF,1,0,
20,104,",1,4,5,6,3,7,2,8,",DF,1,0,
20,104,",0,",GK,1,0,
20,103,",24,25,26,20,21,22,27,23,",FW,1,0,
20,103,",13,14,15,17,18,19,9,10,11,16,12,",MF,1,0,
20,103,",1,4,5,6,3,7,2,8,",DF,1,0,
20,103,",0,",GK,1,0,
20,102,",24,25,26,20,21,22,27,23,",FW,1,0,
20,102,",13,14,15,17,18,19,9,10,11,16,12,",MF,1,0,
20,102,",1,4,5,6,3,7,2,8,",DF,1,0,
20,102,",0,",GK,1,0,
20,101,",24,25,26,20,21,22,27,23,",FW,1,0,
20,101,",13,14,15,17,18,19,9,10,11,16,12,",MF,1,0,
20,101,",1,4,5,6,3,7,2,8,",DF,1,0,
20,101,",0,",GK,1,0,
20,100,",24,25,26,20,21,22,27,23,",FW,1,0,
20,100,",13,14,15,17,18,19,9,10,11,16,12,",MF,1,0,
20,100,",1,4,5,6,3,7,2,8,",DF,1,0,
20,100,",0,",GK,1,0,
20,99,",24,25,26,20,21,22,27,23,",FW,1,0,
20,99,",13,14,15,17,18,19,9,10,11,16,12,",MF,1,0,
20,99,",1,4,5,6,3,7,2,8,",DF,1,0,
20,99,",0,",GK,1,0,
20,98,",24,25,26,20,21,22,27,23,",FW,1,0,
20,98,",13,14,15,17,18,19,9,10,11,16,12,",MF,1,0,
20,98,",1,4,5,6,3,7,2,8,",DF,1,0,
20,98,",0,",GK,1,0,
20,97,",24,25,26,20,21,22,27,23,",FW,1,0,
20,97,",13,14,15,17,18,19,9,10,11,16,12,",MF,1,0,
20,97,",1,4,5,6,3,7,2,8,",DF,1,0,
20,97,",0,",GK,1,0,
20,96,",24,25,26,20,21,22,27,23,",FW,1,0,
20,96,",13,14,15,17,18,19,9,10,11,16,12,",MF,1,0,
20,96,",1,4,5,6,3,7,2,8,",DF,1,0,
20,96,",0,",GK,1,0,
20,95,",24,25,26,20,21,22,27,23,",FW,1,0,
20,95,",13,14,15,17,18,19,9,10,11,16,12,",MF,1,0,
20,95,",1,4,5,6,3,7,2,8,",DF,1,0,
20,95,",0,",GK,1,0,
20,94,",24,25,26,20,21,22,27,23,",FW,1,0,
20,94,",13,14,15,17,18,19,9,10,11,16,12,",MF,1,0,
20,94,",1,4,5,6,3,7,2,8,",DF,1,0,
20,94,",0,",GK,1,0,
20,93,",24,25,26,20,21,22,27,23,",FW,1,0,
20,93,",13,14,15,17,18,19,9,10,11,16,12,",MF,1,0,
20,93,",1,4,5,6,3,7,2,8,",DF,1,0,
20,93,",0,",GK,1,0,
20,92,",24,25,26,20,21,22,27,23,",FW,1,0,
20,92,",13,14,15,17,18,19,9,10,11,16,12,",MF,1,0,
20,92,",1,4,5,6,3,7,2,8,",DF,1,0,
20,92,",0,",GK,1,0,
20,91,",24,25,26,20,21,22,27,23,",FW,1,0,
20,91,",13,14,15,17,18,19,9,10,11,16,12,",MF,1,0,
20,91,",1,4,5,6,3,7,2,8,",DF,1,0,
20,91,",0,",GK,1,0,
20,90,",24,25,26,20,21,22,27,23,",FW,1,0,
20,90,",13,14,15,17,18,19,9,10,11,16,12,",MF,1,0,
20,90,",1,4,5,6,3,7,2,8,",DF,1,0,
20,90,",0,",GK,1,0,
20,89,",24,25,26,20,21,22,27,23,",FW,1,0,
20,89,",13,14,15,17,18,19,9,10,11,16,12,",MF,1,0,
20,89,",1,4,5,6,3,7,2,8,",DF,1,0,
20,89,",0,",GK,1,0,
20,88,",24,25,26,20,21,22,27,23,",FW,1,0,
20,88,",13,14,15,17,18,19,9,10,11,16,12,",MF,1,0,
20,88,",1,4,5,6,3,7,2,8,",DF,1,0,
20,88,",0,",GK,1,0,
20,87,",24,25,26,20,21,22,27,23,",FW,1,0,
20,87,",13,14,15,17,18,19,9,10,11,16,12,",MF,1,0,
20,87,",1,4,5,6,3,7,2,8,",DF,1,0,
20,87,",0,",GK,1,0,
20,86,",24,25,26,20,21,22,27,23,",FW,1,0,
20,86,",13,14,15,17,18,19,9,10,11,16,12,",MF,1,0,
20,86,",1,4,5,6,3,7,2,8,",DF,1,0,
20,86,",0,",GK,1,0,
19,107,",24,25,26,20,21,22,27,23,",FW,1,0,
19,107,",13,14,15,17,18,19,9,10,11,16,12,",MF,1,0,
19,107,",1,4,5,6,3,7,2,8,",DF,1,0,
19,107,",0,",GK,1,0,
19,106,",24,25,26,20,21,22,27,23,",FW,1,0,
19,106,",13,14,15,17,18,19,9,10,11,16,12,",MF,1,0,
19,106,",1,4,5,6,3,7,2,8,",DF,1,0,
19,106,",0,",GK,1,0,
19,105,",24,25,26,20,21,22,27,23,",FW,1,0,
19,105,",13,14,15,17,18,19,9,10,11,16,12,",MF,1,0,
19,105,",1,4,5,6,3,7,2,8,",DF,1,0,
19,105,",0,",GK,1,0,
19,104,",24,25,26,20,21,22,27,23,",FW,1,0,
19,104,",13,14,15,17,18,19,9,10,11,16,12,",MF,1,0,
19,104,",1,4,5,6,3,7,2,8,",DF,1,0,
19,104,",0,",GK,1,0,
19,103,",24,25,26,20,21,22,27,23,",FW,1,0,
19,103,",13,14,15,17,18,19,9,10,11,16,12,",MF,1,0,
19,103,",1,4,5,6,3,7,2,8,",DF,1,0,
19,103,",0,",GK,1,0,
19,102,",24,25,26,20,21,22,27,23,",FW,1,0,
19,102,",13,14,15,17,18,19,9,10,11,16,12,",MF,1,0,
19,102,",1,4,5,6,3,7,2,8,",DF,1,0,
19,102,",0,",GK,1,0,
19,101,",24,25,26,20,21,22,27,23,",FW,1,0,
19,101,",13,14,15,17,18,19,9,10,11,16,12,",MF,1,0,
19,101,",1,4,5,6,3,7,2,8,",DF,1,0,
19,101,",0,",GK,1,0,
19,100,",24,25,26,20,21,22,27,23,",FW,1,0,
19,100,",13,14,15,17,18,19,9,10,11,16,12,",MF,1,0,
19,100,",1,4,5,6,3,7,2,8,",DF,1,0,
19,100,",0,",GK,1,0,
19,99,",24,25,26,20,21,22,27,23,",FW,1,0,
19,99,",13,14,15,17,18,19,9,10,11,16,12,",MF,1,0,
19,99,",1,4,5,6,3,7,2,8,",DF,1,0,
19,99,",0,",GK,1,0,
19,98,",24,25,26,20,21,22,27,23,",FW,1,0,
19,98,",13,14,15,17,18,19,9,10,11,16,12,",MF,1,0,
19,98,",1,4,5,6,3,7,2,8,",DF,1,0,
19,98,",0,",GK,1,0,
19,97,",24,25,26,20,21,22,27,23,",FW,1,0,
19,97,",13,14,15,17,18,19,9,10,11,16,12,",MF,1,0,
19,97,",1,4,5,6,3,7,2,8,",DF,1,0,
19,97,",0,",GK,1,0,
19,96,",24,25,26,20,21,22,27,23,",FW,1,0,
19,96,",13,14,15,17,18,19,9,10,11,16,12,",MF,1,0,
19,96,",1,4,5,6,3,7,2,8,",DF,1,0,
19,96,",0,",GK,1,0,
19,95,",24,25,26,20,21,22,27,23,",FW,1,0,
19,95,",13,14,15,17,18,19,9,10,11,16,12,",MF,1,0,
19,95,",1,4,5,6,3,7,2,8,",DF,1,0,
19,95,",0,",GK,1,0,
19,94,",24,25,26,20,21,22,27,23,",FW,1,0,
19,94,",13,14,15,17,18,19,9,10,11,16,12,",MF,1,0,
19,94,",1,4,5,6,3,7,2,8,",DF,1,0,
19,94,",0,",GK,1,0,
19,93,",24,25,26,20,21,22,27,23,",FW,1,0,
19,93,",13,14,15,17,18,19,9,10,11,16,12,",MF,1,0,
19,93,",1,4,5,6,3,7,2,8,",DF,1,0,
19,93,",0,",GK,1,0,
19,92,",24,25,26,20,21,22,27,23,",FW,1,0,
19,92,",13,14,15,17,18,19,9,10,11,16,12,",MF,1,0,
19,92,",1,4,5,6,3,7,2,8,",DF,1,0,
19,92,",0,",GK,1,0,
19,91,",24,25,26,20,21,22,27,23,",FW,1,0,
19,91,",13,14,15,17,18,19,9,10,11,16,12,",MF,1,0,
19,91,",1,4,5,6,3,7,2,8,",DF,1,0,
19,91,",0,",GK,1,0,
18,105,",24,25,26,20,21,22,27,23,",FW,1,0,
18,105,",13,14,15,17,18,19,9,10,11,16,12,",MF,1,0,
18,105,",1,4,5,6,3,7,2,8,",DF,1,0,
18,105,",0,",GK,1,0,
18,104,",24,25,26,20,21,22,27,23,",FW,1,0,
18,104,",13,14,15,17,18,19,9,10,11,16,12,",MF,1,0,
18,104,",1,4,5,6,3,7,2,8,",DF,1,0,
18,104,",0,",GK,1,0,
18,103,",24,25,26,20,21,22,27,23,",FW,1,0,
18,103,",13,14,15,17,18,19,9,10,11,16,12,",MF,1,0,
18,103,",1,4,5,6,3,7,2,8,",DF,1,0,
18,103,",0,",GK,1,0,
18,102,",24,25,26,20,21,22,27,23,",FW,1,0,
18,102,",13,14,15,17,18,19,9,10,11,16,12,",MF,1,0,
18,102,",1,4,5,6,3,7,2,8,",DF,1,0,
18,102,",0,",GK,1,0,
18,101,",24,25,26,20,21,22,27,23,",FW,1,0,
18,101,",13,14,15,17,18,19,9,10,11,16,12,",MF,1,0,
18,101,",1,4,5,6,3,7,2,8,",DF,1,0,
18,101,",0,",GK,1,0,
18,100,",24,25,26,20,21,22,27,23,",FW,1,0,
18,100,",13,14,15,17,18,19,9,10,11,16,12,",MF,1,0,
18,100,",1,4,5,6,3,7,2,8,",DF,1,0,
18,100,",0,",GK,1,0,
18,99,",24,25,26,20,21,22,27,23,",FW,1,0,
18,99,",13,14,15,17,18,19,9,10,11,16,12,",MF,1,0,
18,99,",1,4,5,6,3,7,2,8,",DF,1,0,
18,99,",0,",GK,1,0,
18,98,",24,25,26,20,21,22,27,23,",FW,1,0,
18,98,",13,14,15,17,18,19,9,10,11,16,12,",MF,1,0,
18,98,",1,4,5,6,3,7,2,8,",DF,1,0,
18,98,",0,",GK,1,0,
18,97,",24,25,26,20,21,22,27,23,",FW,1,0,
18,97,",13,14,15,17,18,19,9,10,11,16,12,",MF,1,0,
18,97,",1,4,5,6,3,7,2,8,",DF,1,0,
18,97,",0,",GK,1,0,
18,96,",24,25,26,20,21,22,27,23,",FW,1,0,
18,96,",13,14,15,17,18,19,9,10,11,16,12,",MF,1,0,
18,96,",1,4,5,6,3,7,2,8,",DF,1,0,
18,96,",0,",GK,1,0,
18,95,",24,25,26,20,21,22,27,23,",FW,1,0,
18,95,",13,14,15,17,18,19,9,10,11,16,12,",MF,1,0,
18,95,",1,4,5,6,3,7,2,8,",DF,1,0,
18,95,",0,",GK,1,0,
18,94,",24,25,26,20,21,22,27,23,",FW,1,0,
18,94,",13,14,15,17,18,19,9,10,11,16,12,",MF,1,0,
18,94,",1,4,5,6,3,7,2,8,",DF,1,0,
18,94,",0,",GK,1,0,
18,93,",24,25,26,20,21,22,27,23,",FW,1,0,
18,93,",13,14,15,17,18,19,9,10,11,16,12,",MF,1,0,
18,93,",1,4,5,6,3,7,2,8,",DF,1,0,
18,93,",0,",GK,1,0,
18,92,",24,25,26,20,21,22,27,23,",FW,1,0,
18,92,",13,14,15,17,18,19,9,10,11,16,12,",MF,1,0,
18,92,",1,4,5,6,3,7,2,8,",DF,1,0,
18,92,",0,",GK,1,0,
18,91,",24,25,26,20,21,22,27,23,",FW,1,0,
18,91,",13,14,15,17,18,19,9,10,11,16,12,",MF,1,0,
18,91,",1,4,5,6,3,7,2,8,",DF,1,0,
18,91,",0,",GK,1,0,
18,90,",24,25,26,20,21,22,27,23,",FW,1,0,
18,90,",13,14,15,17,18,19,9,10,11,16,12,",MF,1,0,
18,90,",1,4,5,6,3,7,2,8,",DF,1,0,
18,90,",0,",GK,1,0,
18,89,",24,25,26,20,21,22,27,23,",FW,1,0,
18,89,",13,14,15,17,18,19,9,10,11,16,12,",MF,1,0,
18,89,",1,4,5,6,3,7,2,8,",DF,1,0,
18,89,",0,",GK,1,0,
18,88,",24,25,26,20,21,22,27,23,",FW,1,0,
18,88,",13,14,15,17,18,19,9,10,11,16,12,",MF,1,0,
18,88,",1,4,5,6,3,7,2,8,",DF,1,0,
18,88,",0,",GK,1,0,
18,87,",24,25,26,20,21,22,27,23,",FW,1,0,
18,87,",13,14,15,17,18,19,9,10,11,16,12,",MF,1,0,
18,87,",1,4,5,6,3,7,2,8,",DF,1,0,
18,87,",0,",GK,1,0,
18,86,",24,25,26,20,21,22,27,23,",FW,1,0,
18,86,",13,14,15,17,18,19,9,10,11,16,12,",MF,1,0,
18,86,",1,4,5,6,3,7,2,8,",DF,1,0,
18,86,",0,",GK,1,0,
17,110,",24,25,26,20,21,22,27,23,",FW,1,0,
17,110,",13,14,15,17,18,19,9,10,11,16,12,",MF,1,0,
17,110,",1,4,5,6,3,7,2,8,",DF,1,0,
17,110,",0,",GK,1,0,
17,109,",24,25,26,20,21,22,27,23,",FW,1,0,
17,109,",13,14,15,17,18,19,9,10,11,16,12,",MF,1,0,
17,109,",1,4,5,6,3,7,2,8,",DF,1,0,
17,109,",0,",GK,1,0,
17,108,",24,25,26,20,21,22,27,23,",FW,1,0,
17,108,",13,14,15,17,18,19,9,10,11,16,12,",MF,1,0,
17,108,",1,4,5,6,3,7,2,8,",DF,1,0,
17,108,",0,",GK,1,0,
17,107,",24,25,26,20,21,22,27,23,",FW,1,0,
17,107,",13,14,15,17,18,19,9,10,11,16,12,",MF,1,0,
17,107,",1,4,5,6,3,7,2,8,",DF,1,0,
17,107,",0,",GK,1,0,
17,106,",24,25,26,20,21,22,27,23,",FW,1,0,
17,106,",13,14,15,17,18,19,9,10,11,16,12,",MF,1,0,
17,106,",1,4,5,6,3,7,2,8,",DF,1,0,
17,106,",0,",GK,1,0,
17,105,",24,25,26,20,21,22,27,23,",FW,1,0,
17,105,",13,14,15,17,18,19,9,10,11,16,12,",MF,1,0,
17,105,",1,4,5,6,3,7,2,8,",DF,1,0,
17,105,",0,",GK,1,0,
17,104,",24,25,26,20,21,22,27,23,",FW,1,0,
17,104,",13,14,15,17,18,19,9,10,11,16,12,",MF,1,0,
17,104,",1,4,5,6,3,7,2,8,",DF,1,0,
17,104,",0,",GK,1,0,
17,103,",24,25,26,20,21,22,27,23,",FW,1,0,
17,103,",13,14,15,17,18,19,9,10,11,16,12,",MF,1,0,
17,103,",1,4,5,6,3,7,2,8,",DF,1,0,
17,103,",0,",GK,1,0,
17,102,",24,25,26,20,21,22,27,23,",FW,1,0,
17,102,",13,14,15,17,18,19,9,10,11,16,12,",MF,1,0,
17,102,",1,4,5,6,3,7,2,8,",DF,1,0,
17,102,",0,",GK,1,0,
17,101,",24,25,26,20,21,22,27,23,",FW,1,0,
17,101,",13,14,15,17,18,19,9,10,11,16,12,",MF,1,0,
17,101,",1,4,5,6,3,7,2,8,",DF,1,0,
17,101,",0,",GK,1,0,
17,100,",24,25,26,20,21,22,27,23,",FW,1,0,
17,100,",13,14,15,17,18,19,9,10,11,16,12,",MF,1,0,
17,100,",1,4,5,6,3,7,2,8,",DF,1,0,
17,100,",0,",GK,1,0,
17,99,",24,25,26,20,21,22,27,23,",FW,1,0,
17,99,",13,14,15,17,18,19,9,10,11,16,12,",MF,1,0,
17,99,",1,4,5,6,3,7,2,8,",DF,1,0,
17,99,",0,",GK,1,0,
17,98,",24,25,26,20,21,22,27,23,",FW,1,0,
17,98,",13,14,15,17,18,19,9,10,11,16,12,",MF,1,0,
17,98,",1,4,5,6,3,7,2,8,",DF,1,0,
17,98,",0,",GK,1,0,
17,97,",24,25,26,20,21,22,27,23,",FW,1,0,
17,97,",13,14,15,17,18,19,9,10,11,16,12,",MF,1,0,
17,97,",1,4,5,6,3,7,2,8,",DF,1,0,
17,97,",0,",GK,1,0,
17,96,",24,25,26,20,21,22,27,23,",FW,1,0,
17,96,",13,14,15,17,18,19,9,10,11,16,12,",MF,1,0,
17,96,",1,4,5,6,3,7,2,8,",DF,1,0,
17,96,",0,",GK,1,0,
17,95,",24,25,26,20,21,22,27,23,",FW,1,0,
17,95,",13,14,15,17,18,19,9,10,11,16,12,",MF,1,0,
17,95,",1,4,5,6,3,7,2,8,",DF,1,0,
17,95,",0,",GK,1,0,
17,94,",24,25,26,20,21,22,27,23,",FW,1,0,
17,94,",13,14,15,17,18,19,9,10,11,16,12,",MF,1,0,
17,94,",1,4,5,6,3,7,2,8,",DF,1,0,
17,94,",0,",GK,1,0,
17,93,",24,25,26,20,21,22,27,23,",FW,1,0,
17,93,",13,14,15,17,18,19,9,10,11,16,12,",MF,1,0,
17,93,",1,4,5,6,3,7,2,8,",DF,1,0,
17,93,",0,",GK,1,0,
17,92,",24,25,26,20,21,22,27,23,",FW,1,0,
17,92,",13,14,15,17,18,19,9,10,11,16,12,",MF,1,0,
17,92,",1,4,5,6,3,7,2,8,",DF,1,0,
17,92,",0,",GK,1,0,
17,91,",24,25,26,20,21,22,27,23,",FW,1,0,
17,91,",13,14,15,17,18,19,9,10,11,16,12,",MF,1,0,
17,91,",1,4,5,6,3,7,2,8,",DF,1,0,
17,91,",0,",GK,1,0,
17,90,",24,25,26,20,21,22,27,23,",FW,1,0,
17,90,",13,14,15,17,18,19,9,10,11,16,12,",MF,1,0,
17,90,",1,4,5,6,3,7,2,8,",DF,1,0,
17,90,",0,",GK,1,0,
17,89,",24,25,26,20,21,22,27,23,",FW,1,0,
17,89,",13,14,15,17,18,19,9,10,11,16,12,",MF,1,0,
17,89,",1,4,5,6,3,7,2,8,",DF,1,0,
17,89,",0,",GK,1,0,
17,88,",24,25,26,20,21,22,27,23,",FW,1,0,
17,88,",13,14,15,17,18,19,9,10,11,16,12,",MF,1,0,
17,88,",1,4,5,6,3,7,2,8,",DF,1,0,
17,88,",0,",GK,1,0,
17,87,",24,25,26,20,21,22,27,23,",FW,1,0,
17,87,",13,14,15,17,18,19,9,10,11,16,12,",MF,1,0,
17,87,",1,4,5,6,3,7,2,8,",DF,1,0,
17,87,",0,",GK,1,0,
17,86,",24,25,26,20,21,22,27,23,",FW,1,0,
17,86,",13,14,15,17,18,19,9,10,11,16,12,",MF,1,0,
17,86,",1,4,5,6,3,7,2,8,",DF,1,0,
17,86,",0,",GK,1,0,
17,85,",24,25,26,20,21,22,27,23,",FW,1,0,
17,85,",13,14,15,17,18,19,9,10,11,16,12,",MF,1,0,
17,85,",1,4,5,6,3,7,2,8,",DF,1,0,
17,85,",0,",GK,1,0,
17,84,",24,25,26,20,21,22,27,23,",FW,1,0,
17,84,",13,14,15,17,18,19,9,10,11,16,12,",MF,1,0,
17,84,",1,4,5,6,3,7,2,8,",DF,1,0,
17,84,",0,",GK,1,0,
16,102,",24,25,26,20,21,22,27,23,",FW,1,0,
16,102,",13,14,15,17,18,19,9,10,11,16,12,",MF,1,0,
16,102,",1,4,5,6,3,7,2,8,",DF,1,0,
16,102,",0,",GK,1,0,
16,101,",24,25,26,20,21,22,27,23,",FW,1,0,
16,101,",13,14,15,17,18,19,9,10,11,16,12,",MF,1,0,
16,101,",1,4,5,6,3,7,2,8,",DF,1,0,
16,101,",0,",GK,1,0,
16,100,",24,25,26,20,21,22,27,23,",FW,1,0,
16,100,",13,14,15,17,18,19,9,10,11,16,12,",MF,1,0,
16,100,",1,4,5,6,3,7,2,8,",DF,1,0,
16,100,",0,",GK,1,0,
16,99,",24,25,26,20,21,22,27,23,",FW,1,0,
16,99,",13,14,15,17,18,19,9,10,11,16,12,",MF,1,0,
16,99,",1,4,5,6,3,7,2,8,",DF,1,0,
16,99,",0,",GK,1,0,
16,98,",24,25,26,20,21,22,27,23,",FW,1,0,
16,98,",13,14,15,17,18,19,9,10,11,16,12,",MF,1,0,
16,98,",1,4,5,6,3,7,2,8,",DF,1,0,
16,98,",0,",GK,1,0,
16,97,",24,25,26,20,21,22,27,23,",FW,1,0,
16,97,",13,14,15,17,18,19,9,10,11,16,12,",MF,1,0,
16,97,",1,4,5,6,3,7,2,8,",DF,1,0,
16,97,",0,",GK,1,0,
16,96,",24,25,26,20,21,22,27,23,",FW,1,0,
16,96,",13,14,15,17,18,19,9,10,11,16,12,",MF,1,0,
16,96,",1,4,5,6,3,7,2,8,",DF,1,0,
16,96,",0,",GK,1,0,
16,95,",24,25,26,20,21,22,27,23,",FW,1,0,
16,95,",13,14,15,17,18,19,9,10,11,16,12,",MF,1,0,
16,95,",1,4,5,6,3,7,2,8,",DF,1,0,
16,95,",0,",GK,1,0,
16,94,",24,25,26,20,21,22,27,23,",FW,1,0,
16,94,",13,14,15,17,18,19,9,10,11,16,12,",MF,1,0,
16,94,",1,4,5,6,3,7,2,8,",DF,1,0,
16,94,",0,",GK,1,0,
16,93,",24,25,26,20,21,22,27,23,",FW,1,0,
16,93,",13,14,15,17,18,19,9,10,11,16,12,",MF,1,0,
16,93,",1,4,5,6,3,7,2,8,",DF,1,0,
16,93,",0,",GK,1,0,
16,92,",24,25,26,20,21,22,27,23,",FW,1,0,
16,92,",13,14,15,17,18,19,9,10,11,16,12,",MF,1,0,
16,92,",1,4,5,6,3,7,2,8,",DF,1,0,
16,92,",0,",GK,1,0,
16,91,",24,25,26,20,21,22,27,23,",FW,1,0,
16,91,",13,14,15,17,18,19,9,10,11,16,12,",MF,1,0,
16,91,",1,4,5,6,3,7,2,8,",DF,1,0,
16,91,",0,",GK,1,0,
16,90,",24,25,26,20,21,22,27,23,",FW,1,0,
16,90,",13,14,15,17,18,19,9,10,11,16,12,",MF,1,0,
16,90,",1,4,5,6,3,7,2,8,",DF,1,0,
16,90,",0,",GK,1,0,
16,89,",24,25,26,20,21,22,27,23,",FW,1,0,
16,89,",13,14,15,17,18,19,9,10,11,16,12,",MF,1,0,
16,89,",1,4,5,6,3,7,2,8,",DF,1,0,
16,89,",0,",GK,1,0,
16,88,",24,25,26,20,21,22,27,23,",FW,1,0,
16,88,",13,14,15,17,18,19,9,10,11,16,12,",MF,1,0,
16,88,",1,4,5,6,3,7,2,8,",DF,1,0,
16,88,",0,",GK,1,0,
16,87,",24,25,26,20,21,22,27,23,",FW,1,0,
16,87,",13,14,15,17,18,19,9,10,11,16,12,",MF,1,0,
16,87,",1,4,5,6,3,7,2,8,",DF,1,0,
16,87,",0,",GK,1,0,
16,86,",24,25,26,20,21,22,27,23,",FW,1,0,
16,86,",13,14,15,17,18,19,9,10,11,16,12,",MF,1,0,
16,86,",1,4,5,6,3,7,2,8,",DF,1,0,
16,86,",0,",GK,1,0,
16,85,",24,25,26,20,21,22,27,23,",FW,1,0,
16,85,",13,14,15,17,18,19,9,10,11,16,12,",MF,1,0,
16,85,",1,4,5,6,3,7,2,8,",DF,1,0,
16,85,",0,",GK,1,0,
16,84,",24,25,26,20,21,22,27,23,",FW,1,0,
16,84,",13,14,15,17,18,19,9,10,11,16,12,",MF,1,0,
16,84,",1,4,5,6,3,7,2,8,",DF,1,0,
16,84,",0,",GK,1,0,
16,83,",24,25,26,20,21,22,27,23,",FW,1,0,
16,83,",13,14,15,17,18,19,9,10,11,16,12,",MF,1,0,
16,83,",1,4,5,6,3,7,2,8,",DF,1,0,
16,83,",0,",GK,1,0,
16,82,",24,25,26,20,21,22,27,23,",FW,1,0,
16,82,",13,14,15,17,18,19,9,10,11,16,12,",MF,1,0,
16,82,",1,4,5,6,3,7,2,8,",DF,1,0,
16,82,",0,",GK,1,0,
16,81,",24,25,26,20,21,22,27,23,",FW,1,0,
16,81,",13,14,15,17,18,19,9,10,11,16,12,",MF,1,0,
16,81,",1,4,5,6,3,7,2,8,",DF,1,0,
16,81,",0,",GK,1,0,
16,80,",24,25,26,20,21,22,27,23,",FW,1,0,
16,80,",13,14,15,17,18,19,9,10,11,16,12,",MF,1,0,
16,80,",1,4,5,6,3,7,2,8,",DF,1,0,
16,80,",0,",GK,1,0,
15,102,",24,25,26,20,21,22,27,23,",FW,1,0,
15,102,",13,14,15,17,18,19,9,10,11,16,12,",MF,1,0,
15,102,",1,4,5,6,3,7,2,8,",DF,1,0,
15,102,",0,",GK,1,0,
15,101,",24,25,26,20,21,22,27,23,",FW,1,0,
15,101,",13,14,15,17,18,19,9,10,11,16,12,",MF,1,0,
15,101,",1,4,5,6,3,7,2,8,",DF,1,0,
15,101,",0,",GK,1,0,
15,100,",24,25,26,20,21,22,27,23,",FW,1,0,
15,100,",13,14,15,17,18,19,9,10,11,16,12,",MF,1,0,
15,100,",1,4,5,6,3,7,2,8,",DF,1,0,
15,100,",0,",GK,1,0,
15,99,",24,25,26,20,21,22,27,23,",FW,1,0,
15,99,",13,14,15,17,18,19,9,10,11,16,12,",MF,1,0,
15,99,",1,4,5,6,3,7,2,8,",DF,1,0,
15,99,",0,",GK,1,0,
15,98,",24,25,26,20,21,22,27,23,",FW,1,0,
15,98,",13,14,15,17,18,19,9,10,11,16,12,",MF,1,0,
15,98,",1,4,5,6,3,7,2,8,",DF,1,0,
15,98,",0,",GK,1,0,
15,97,",24,25,26,20,21,22,27,23,",FW,1,0,
15,97,",13,14,15,17,18,19,9,10,11,16,12,",MF,1,0,
15,97,",1,4,5,6,3,7,2,8,",DF,1,0,
15,97,",0,",GK,1,0,
15,96,",24,25,26,20,21,22,27,23,",FW,1,0,
15,96,",13,14,15,17,18,19,9,10,11,16,12,",MF,1,0,
15,96,",1,4,5,6,3,7,2,8,",DF,1,0,
15,96,",0,",GK,1,0,
15,95,",24,25,26,20,21,22,27,23,",FW,1,0,
15,95,",13,14,15,17,18,19,9,10,11,16,12,",MF,1,0,
15,95,",1,4,5,6,3,7,2,8,",DF,1,0,
15,95,",0,",GK,1,0,
15,94,",24,25,26,20,21,22,27,23,",FW,1,0,
15,94,",13,14,15,17,18,19,9,10,11,16,12,",MF,1,0,
15,94,",1,4,5,6,3,7,2,8,",DF,1,0,
15,94,",0,",GK,1,0,
15,93,",24,25,26,20,21,22,27,23,",FW,1,0,
15,93,",13,14,15,17,18,19,9,10,11,16,12,",MF,1,0,
15,93,",1,4,5,6,3,7,2,8,",DF,1,0,
15,93,",0,",GK,1,0,
15,92,",24,25,26,20,21,22,27,23,",FW,1,0,
15,92,",13,14,15,17,18,19,9,10,11,16,12,",MF,1,0,
15,92,",1,4,5,6,3,7,2,8,",DF,1,0,
15,92,",0,",GK,1,0,
15,91,",24,25,26,20,21,22,27,23,",FW,1,0,
15,91,",13,14,15,17,18,19,9,10,11,16,12,",MF,1,0,
15,91,",1,4,5,6,3,7,2,8,",DF,1,0,
15,91,",0,",GK,1,0,
15,90,",24,25,26,20,21,22,27,23,",FW,1,0,
15,90,",13,14,15,17,18,19,9,10,11,16,12,",MF,1,0,
15,90,",1,4,5,6,3,7,2,8,",DF,1,0,
15,90,",0,",GK,1,0,
15,89,",24,25,26,20,21,22,27,23,",FW,1,0,
15,89,",13,14,15,17,18,19,9,10,11,16,12,",MF,1,0,
15,89,",1,4,5,6,3,7,2,8,",DF,1,0,
15,89,",0,",GK,1,0,
15,88,",24,25,26,20,21,22,27,23,",FW,1,0,
15,88,",13,14,15,17,18,19,9,10,11,16,12,",MF,1,0,
15,88,",1,4,5,6,3,7,2,8,",DF,1,0,
15,88,",0,",GK,1,0,
15,87,",24,25,26,20,21,22,27,23,",FW,1,0,
15,87,",13,14,15,17,18,19,9,10,11,16,12,",MF,1,0,
15,87,",1,4,5,6,3,7,2,8,",DF,1,0,
15,87,",0,",GK,1,0,
15,86,",24,25,26,20,21,22,27,23,",FW,1,0,
15,86,",13,14,15,17,18,19,9,10,11,16,12,",MF,1,0,
15,86,",1,4,5,6,3,7,2,8,",DF,1,0,
15,86,",0,",GK,1,0,
15,85,",24,25,26,20,21,22,27,23,",FW,1,0,
15,85,",13,14,15,17,18,19,9,10,11,16,12,",MF,1,0,
15,85,",1,4,5,6,3,7,2,8,",DF,1,0,
15,85,",0,",GK,1,0,
15,84,",24,25,26,20,21,22,27,23,",FW,1,0,
15,84,",13,14,15,17,18,19,9,10,11,16,12,",MF,1,0,
15,84,",1,4,5,6,3,7,2,8,",DF,1,0,
15,84,",0,",GK,1,0,
15,83,",24,25,26,20,21,22,27,23,",FW,1,0,
15,83,",13,14,15,17,18,19,9,10,11,16,12,",MF,1,0,
15,83,",1,4,5,6,3,7,2,8,",DF,1,0,
15,83,",0,",GK,1,0,
15,82,",24,25,26,20,21,22,27,23,",FW,1,0,
15,82,",13,14,15,17,18,19,9,10,11,16,12,",MF,1,0,
15,82,",1,4,5,6,3,7,2,8,",DF,1,0,
15,82,",0,",GK,1,0,
15,81,",24,25,26,20,21,22,27,23,",FW,1,0,
15,81,",13,14,15,17,18,19,9,10,11,16,12,",MF,1,0,
15,81,",1,4,5,6,3,7,2,8,",DF,1,0,
15,81,",0,",GK,1,0,
15,80,",24,25,26,20,21,22,27,23,",FW,1,0,
15,80,",13,14,15,17,18,19,9,10,11,16,12,",MF,1,0,
15,80,",1,4,5,6,3,7,2,8,",DF,1,0,
15,80,",0,",GK,1,0,
15,79,",24,25,26,20,21,22,27,23,",FW,1,0,
15,79,",13,14,15,17,18,19,9,10,11,16,12,",MF,1,0,
15,79,",1,4,5,6,3,7,2,8,",DF,1,0,
15,79,",0,",GK,1,0,
14,98,",24,25,26,20,21,22,27,23,",FW,1,0,
14,98,",13,14,15,17,18,19,9,10,11,16,12,",MF,1,0,
14,98,",1,4,5,6,3,7,2,8,",DF,1,0,
14,98,",0,",GK,1,0,
14,97,",24,25,26,20,21,22,27,23,",FW,1,0,
14,97,",13,14,15,17,18,19,9,10,11,16,12,",MF,1,0,
14,97,",1,4,5,6,3,7,2,8,",DF,1,0,
14,97,",0,",GK,1,0,
14,96,",24,25,26,20,21,22,27,23,",FW,1,0,
14,96,",13,14,15,17,18,19,9,10,11,16,12,",MF,1,0,
14,96,",1,4,5,6,3,7,2,8,",DF,1,0,
14,96,",0,",GK,1,0,
14,95,",24,25,26,20,21,22,27,23,",FW,1,0,
14,95,",13,14,15,17,18,19,9,10,11,16,12,",MF,1,0,
14,95,",1,4,5,6,3,7,2,8,",DF,1,0,
14,95,",0,",GK,1,0,
14,94,",24,25,26,20,21,22,27,23,",FW,1,0,
14,94,",13,14,15,17,18,19,9,10,11,16,12,",MF,1,0,
14,94,",1,4,5,6,3,7,2,8,",DF,1,0,
14,94,",0,",GK,1,0,
14,93,",24,25,26,20,21,22,27,23,",FW,1,0,
14,93,",13,14,15,17,18,19,9,10,11,16,12,",MF,1,0,
14,93,",1,4,5,6,3,7,2,8,",DF,1,0,
14,93,",0,",GK,1,0,
14,92,",24,25,26,20,21,22,27,23,",FW,1,0,
14,92,",13,14,15,17,18,19,9,10,11,16,12,",MF,1,0,
14,92,",1,4,5,6,3,7,2,8,",DF,1,0,
14,92,",0,",GK,1,0,
14,91,",24,25,26,20,21,22,27,23,",FW,1,0,
14,91,",13,14,15,17,18,19,9,10,11,16,12,",MF,1,0,
14,91,",1,4,5,6,3,7,2,8,",DF,1,0,
14,91,",0,",GK,1,0,
14,90,",24,25,26,20,21,22,27,23,",FW,1,0,
14,90,",13,14,15,17,18,19,9,10,11,16,12,",MF,1,0,
14,90,",1,4,5,6,3,7,2,8,",DF,1,0,
14,90,",0,",GK,1,0,
14,89,",24,25,26,20,21,22,27,23,",FW,1,0,
14,89,",13,14,15,17,18,19,9,10,11,16,12,",MF,1,0,
14,89,",1,4,5,6,3,7,2,8,",DF,1,0,
14,89,",0,",GK,1,0,
14,88,",24,25,26,20,21,22,27,23,",FW,1,0,
14,88,",13,14,15,17,18,19,9,10,11,16,12,",MF,1,0,
14,88,",1,4,5,6,3,7,2,8,",DF,1,0,
14,88,",0,",GK,1,0,
14,87,",24,25,26,20,21,22,27,23,",FW,1,0,
14,87,",13,14,15,17,18,19,9,10,11,16,12,",MF,1,0,
14,87,",1,4,5,6,3,7,2,8,",DF,1,0,
14,87,",0,",GK,1,0,
14,86,",24,25,26,20,21,22,27,23,",FW,1,0,
14,86,",13,14,15,17,18,19,9,10,11,16,12,",MF,1,0,
14,86,",1,4,5,6,3,7,2,8,",DF,1,0,
14,86,",0,",GK,1,0,
14,85,",24,25,26,20,21,22,27,23,",FW,1,0,
14,85,",13,14,15,17,18,19,9,10,11,16,12,",MF,1,0,
14,85,",1,4,5,6,3,7,2,8,",DF,1,0,
14,85,",0,",GK,1,0,
14,84,",24,25,26,20,21,22,27,23,",FW,1,0,
14,84,",13,14,15,17,18,19,9,10,11,16,12,",MF,1,0,
14,84,",1,4,5,6,3,7,2,8,",DF,1,0,
14,84,",0,",GK,1,0,
14,83,",24,25,26,20,21,22,27,23,",FW,1,0,
14,83,",13,14,15,17,18,19,9,10,11,16,12,",MF,1,0,
14,83,",1,4,5,6,3,7,2,8,",DF,1,0,
14,83,",0,",GK,1,0,
14,82,",24,25,26,20,21,22,27,23,",FW,1,0,
14,82,",13,14,15,17,18,19,9,10,11,16,12,",MF,1,0,
14,82,",1,4,5,6,3,7,2,8,",DF,1,0,
14,82,",0,",GK,1,0,
14,81,",24,25,26,20,21,22,27,23,",FW,1,0,
14,81,",13,14,15,17,18,19,9,10,11,16,12,",MF,1,0,
14,81,",1,4,5,6,3,7,2,8,",DF,1,0,
14,81,",0,",GK,1,0,
14,80,",24,25,26,20,21,22,27,23,",FW,1,0,
14,80,",13,14,15,17,18,19,9,10,11,16,12,",MF,1,0,
14,80,",1,4,5,6,3,7,2,8,",DF,1,0,
14,80,",0,",GK,1,0,
14,79,",24,25,26,20,21,22,27,23,",FW,1,0,
14,79,",13,14,15,17,18,19,9,10,11,16,12,",MF,1,0,
14,79,",1,4,5,6,3,7,2,8,",DF,1,0,
14,79,",0,",GK,1,0,
14,78,",24,25,26,20,21,22,27,23,",FW,1,0,
14,78,",13,14,15,17,18,19,9,10,11,16,12,",MF,1,0,
14,78,",1,4,5,6,3,7,2,8,",DF,1,0,
14,78,",0,",GK,1,0,
14,77,",24,25,26,20,21,22,27,23,",FW,1,0,
14,77,",13,14,15,17,18,19,9,10,11,16,12,",MF,1,0,
14,77,",1,4,5,6,3,7,2,8,",DF,1,0,
14,77,",0,",GK,1,0,
13,95,",24,25,26,20,21,22,27,23,",FW,1,0,
13,95,",13,14,15,17,18,19,9,10,11,16,12,",MF,1,0,
13,95,",1,4,5,6,3,7,2,8,",DF,1,0,
13,95,",0,",GK,1,0,
13,94,",24,25,26,20,21,22,27,23,",FW,1,0,
13,94,",13,14,15,17,18,19,9,10,11,16,12,",MF,1,0,
13,94,",1,4,5,6,3,7,2,8,",DF,1,0,
13,94,",0,",GK,1,0,
13,93,",24,25,26,20,21,22,27,23,",FW,1,0,
13,93,",13,14,15,17,18,19,9,10,11,16,12,",MF,1,0,
13,93,",1,4,5,6,3,7,2,8,",DF,1,0,
13,93,",0,",GK,1,0,
13,92,",24,25,26,20,21,22,27,23,",FW,1,0,
13,92,",13,14,15,17,18,19,9,10,11,16,12,",MF,1,0,
13,92,",1,4,5,6,3,7,2,8,",DF,1,0,
13,92,",0,",GK,1,0,
13,91,",24,25,26,20,21,22,27,23,",FW,1,0,
13,91,",13,14,15,17,18,19,9,10,11,16,12,",MF,1,0,
13,91,",1,4,5,6,3,7,2,8,",DF,1,0,
13,91,",0,",GK,1,0,
13,90,",24,25,26,20,21,22,27,23,",FW,1,0,
13,90,",13,14,15,17,18,19,9,10,11,16,12,",MF,1,0,
13,90,",1,4,5,6,3,7,2,8,",DF,1,0,
13,90,",0,",GK,1,0,
13,89,",24,25,26,20,21,22,27,23,",FW,1,0,
13,89,",13,14,15,17,18,19,9,10,11,16,12,",MF,1,0,
13,89,",1,4,5,6,3,7,2,8,",DF,1,0,
13,89,",0,",GK,1,0,
13,88,",24,25,26,20,21,22,27,23,",FW,1,0,
13,88,",13,14,15,17,18,19,9,10,11,16,12,",MF,1,0,
13,88,",1,4,5,6,3,7,2,8,",DF,1,0,
13,88,",0,",GK,1,0,
13,87,",24,25,26,20,21,22,27,23,",FW,1,0,
13,87,",13,14,15,17,18,19,9,10,11,16,12,",MF,1,0,
13,87,",1,4,5,6,3,7,2,8,",DF,1,0,
13,87,",0,",GK,1,0,
13,86,",24,25,26,20,21,22,27,23,",FW,1,0,
13,86,",13,14,15,17,18,19,9,10,11,16,12,",MF,1,0,
13,86,",1,4,5,6,3,7,2,8,",DF,1,0,
13,86,",0,",GK,1,0,
13,85,",24,25,26,20,21,22,27,23,",FW,1,0,
13,85,",13,14,15,17,18,19,9,10,11,16,12,",MF,1,0,
13,85,",1,4,5,6,3,7,2,8,",DF,1,0,
13,85,",0,",GK,1,0,
13,84,",24,25,26,20,21,22,27,23,",FW,1,0,
13,84,",13,14,15,17,18,19,9,10,11,16,12,",MF,1,0,
13,84,",1,4,5,6,3,7,2,8,",DF,1,0,
13,84,",0,",GK,1,0,
13,83,",24,25,26,20,21,22,27,23,",FW,1,0,
13,83,",13,14,15,17,18,19,9,10,11,16,12,",MF,1,0,
13,83,",1,4,5,6,3,7,2,8,",DF,1,0,
13,83,",0,",GK,1,0,
13,82,",24,25,26,20,21,22,27,23,",FW,1,0,
13,82,",13,14,15,17,18,19,9,10,11,16,12,",MF,1,0,
13,82,",1,4,5,6,3,7,2,8,",DF,1,0,
13,82,",0,",GK,1,0,
13,81,",24,25,26,20,21,22,27,23,",FW,1,0,
13,81,",13,14,15,17,18,19,9,10,11,16,12,",MF,1,0,
13,81,",1,4,5,6,3,7,2,8,",DF,1,0,
13,81,",0,",GK,1,0,
13,80,",24,25,26,20,21,22,27,23,",FW,1,0,
13,80,",13,14,15,17,18,19,9,10,11,16,12,",MF,1,0,
13,80,",1,4,5,6,3,7,2,8,",DF,1,0,
13,80,",0,",GK,1,0,
13,79,",24,25,26,20,21,22,27,23,",FW,1,0,
13,79,",13,14,15,17,18,19,9,10,11,16,12,",MF,1,0,
13,79,",1,4,5,6,3,7,2,8,",DF,1,0,
13,79,",0,",GK,1,0,
13,78,",24,25,26,20,21,22,27,23,",FW,1,0,
13,78,",13,14,15,17,18,19,9,10,11,16,12,",MF,1,0,
13,78,",1,4,5,6,3,7,2,8,",DF,1,0,
13,78,",0,",GK,1,0,
13,77,",24,25,26,20,21,22,27,23,",FW,1,0,
13,77,",13,14,15,17,18,19,9,10,11,16,12,",MF,1,0,
13,77,",1,4,5,6,3,7,2,8,",DF,1,0,
13,77,",0,",GK,1,0,
13,76,",24,25,26,20,21,22,27,23,",FW,1,0,
13,76,",13,14,15,17,18,19,9,10,11,16,12,",MF,1,0,
13,76,",1,4,5,6,3,7,2,8,",DF,1,0,
13,76,",0,",GK,1,0,
12,91,",24,25,26,20,21,22,27,23,",FW,1,0,
12,91,",13,14,15,17,18,19,9,10,11,16,12,",MF,1,0,
12,91,",1,4,5,6,3,7,2,8,",DF,1,0,
12,91,",0,",GK,1,0,
12,90,",24,25,26,20,21,22,27,23,",FW,1,0,
12,90,",13,14,15,17,18,19,9,10,11,16,12,",MF,1,0,
12,90,",1,4,5,6,3,7,2,8,",DF,1,0,
12,90,",0,",GK,1,0,
12,89,",24,25,26,20,21,22,27,23,",FW,1,0,
12,89,",13,14,15,17,18,19,9,10,11,16,12,",MF,1,0,
12,89,",1,4,5,6,3,7,2,8,",DF,1,0,
12,89,",0,",GK,1,0,
12,88,",24,25,26,20,21,22,27,23,",FW,1,0,
12,88,",13,14,15,17,18,19,9,10,11,16,12,",MF,1,0,
12,88,",1,4,5,6,3,7,2,8,",DF,1,0,
12,88,",0,",GK,1,0,
12,87,",24,25,26,20,21,22,27,23,",FW,1,0,
12,87,",13,14,15,17,18,19,9,10,11,16,12,",MF,1,0,
12,87,",1,4,5,6,3,7,2,8,",DF,1,0,
12,87,",0,",GK,1,0,
12,86,",24,25,26,20,21,22,27,23,",FW,1,0,
12,86,",13,14,15,17,18,19,9,10,11,16,12,",MF,1,0,
12,86,",1,4,5,6,3,7,2,8,",DF,1,0,
12,86,",0,",GK,1,0,
12,85,",24,25,26,20,21,22,27,23,",FW,1,0,
12,85,",13,14,15,17,18,19,9,10,11,16,12,",MF,1,0,
12,85,",1,4,5,6,3,7,2,8,",DF,1,0,
12,85,",0,",GK,1,0,
12,84,",24,25,26,20,21,22,27,23,",FW,1,0,
12,84,",13,14,15,17,18,19,9,10,11,16,12,",MF,1,0,
12,84,",1,4,5,6,3,7,2,8,",DF,1,0,
12,84,",0,",GK,1,0,
12,83,",24,25,26,20,21,22,27,23,",FW,1,0,
12,83,",13,14,15,17,18,19,9,10,11,16,12,",MF,1,0,
12,83,",1,4,5,6,3,7,2,8,",DF,1,0,
12,83,",0,",GK,1,0,
12,82,",24,25,26,20,21,22,27,23,",FW,1,0,
12,82,",13,14,15,17,18,19,9,10,11,16,12,",MF,1,0,
12,82,",1,4,5,6,3,7,2,8,",DF,1,0,
12,82,",0,",GK,1,0,
12,81,",24,25,26,20,21,22,27,23,",FW,1,0,
12,81,",13,14,15,17,18,19,9,10,11,16,12,",MF,1,0,
12,81,",1,4,5,6,3,7,2,8,",DF,1,0,
12,81,",0,",GK,1,0,
12,80,",24,25,26,20,21,22,27,23,",FW,1,0,
12,80,",13,14,15,17,18,19,9,10,11,16,12,",MF,1,0,
12,80,",1,4,5,6,3,7,2,8,",DF,1,0,
12,80,",0,",GK,1,0,
12,79,",24,25,26,20,21,22,27,23,",FW,1,0,
12,79,",13,14,15,17,18,19,9,10,11,16,12,",MF,1,0,
12,79,",1,4,5,6,3,7,2,8,",DF,1,0,
12,79,",0,",GK,1,0,
12,78,",24,25,26,20,21,22,27,23,",FW,1,0,
12,78,",13,14,15,17,18,19,9,10,11,16,12,",MF,1,0,
12,78,",1,4,5,6,3,7,2,8,",DF,1,0,
12,78,",0,",GK,1,0,
12,77,",24,25,26,20,21,22,27,23,",FW,1,0,
12,77,",13,14,15,17,18,19,9,10,11,16,12,",MF,1,0,
12,77,",1,4,5,6,3,7,2,8,",DF,1,0,
12,77,",0,",GK,1,0,
12,76,",24,25,26,20,21,22,27,23,",FW,1,0,
12,76,",13,14,15,17,18,19,9,10,11,16,12,",MF,1,0,
12,76,",1,4,5,6,3,7,2,8,",DF,1,0,
12,76,",0,",GK,1,0,
12,75,",24,25,26,20,21,22,27,23,",FW,1,0,
12,75,",13,14,15,17,18,19,9,10,11,16,12,",MF,1,0,
12,75,",1,4,5,6,3,7,2,8,",DF,1,0,
12,75,",0,",GK,1,0,
11,86,",24,25,26,20,21,22,27,23,",FW,1,0,
11,86,",13,14,15,17,18,19,9,10,11,16,12,",MF,1,0,
11,86,",1,4,5,6,3,7,2,8,",DF,1,0,
11,86,",0,",GK,1,0,
11,85,",24,25,26,20,21,22,27,23,",FW,1,0,
11,85,",13,14,15,17,18,19,9,10,11,16,12,",MF,1,0,
11,85,",1,4,5,6,3,7,2,8,",DF,1,0,
11,85,",0,",GK,1,0,
11,84,",24,25,26,20,21,22,27,23,",FW,1,0,
11,84,",13,14,15,17,18,19,9,10,11,16,12,",MF,1,0,
11,84,",1,4,5,6,3,7,2,8,",DF,1,0,
11,84,",0,",GK,1,0,
11,83,",24,25,26,20,21,22,27,23,",FW,1,0,
11,83,",13,14,15,17,18,19,9,10,11,16,12,",MF,1,0,
11,83,",1,4,5,6,3,7,2,8,",DF,1,0,
11,83,",0,",GK,1,0,
11,82,",24,25,26,20,21,22,27,23,",FW,1,0,
11,82,",13,14,15,17,18,19,9,10,11,16,12,",MF,1,0,
11,82,",1,4,5,6,3,7,2,8,",DF,1,0,
11,82,",0,",GK,1,0,
11,81,",24,25,26,20,21,22,27,23,",FW,1,0,
11,81,",13,14,15,17,18,19,9,10,11,16,12,",MF,1,0,
11,81,",1,4,5,6,3,7,2,8,",DF,1,0,
11,81,",0,",GK,1,0,
11,80,",24,25,26,20,21,22,27,23,",FW,1,0,
11,80,",13,14,15,17,18,19,9,10,11,16,12,",MF,1,0,
11,80,",1,4,5,6,3,7,2,8,",DF,1,0,
11,80,",0,",GK,1,0,
11,79,",24,25,26,20,21,22,27,23,",FW,1,0,
11,79,",13,14,15,17,18,19,9,10,11,16,12,",MF,1,0,
11,79,",1,4,5,6,3,7,2,8,",DF,1,0,
11,79,",0,",GK,1,0,
11,78,",24,25,26,20,21,22,27,23,",FW,1,0,
11,78,",13,14,15,17,18,19,9,10,11,16,12,",MF,1,0,
11,78,",1,4,5,6,3,7,2,8,",DF,1,0,
11,78,",0,",GK,1,0,
11,77,",24,25,26,20,21,22,27,23,",FW,1,0,
11,77,",13,14,15,17,18,19,9,10,11,16,12,",MF,1,0,
11,77,",1,4,5,6,3,7,2,8,",DF,1,0,
11,77,",0,",GK,1,0,
11,76,",24,25,26,20,21,22,27,23,",FW,1,0,
11,76,",13,14,15,17,18,19,9,10,11,16,12,",MF,1,0,
11,76,",1,4,5,6,3,7,2,8,",DF,1,0,
11,76,",0,",GK,1,0,
11,75,",24,25,26,20,21,22,27,23,",FW,1,0,
11,75,",13,14,15,17,18,19,9,10,11,16,12,",MF,1,0,
11,75,",1,4,5,6,3,7,2,8,",DF,1,0,
11,75,",0,",GK,1,0,
11,74,",24,25,26,20,21,22,27,23,",FW,1,0,
11,74,",13,14,15,17,18,19,9,10,11,16,12,",MF,1,0,
11,74,",1,4,5,6,3,7,2,8,",DF,1,0,
11,74,",0,",GK,1,0,
10,84,",24,25,26,20,21,22,27,23,",FW,1,0,
10,84,",13,14,15,17,18,19,9,10,11,16,12,",MF,1,0,
10,84,",1,4,5,6,3,7,2,8,",DF,1,0,
10,84,",0,",GK,1,0,
10,83,",24,25,26,20,21,22,27,23,",FW,1,0,
10,83,",13,14,15,17,18,19,9,10,11,16,12,",MF,1,0,
10,83,",1,4,5,6,3,7,2,8,",DF,1,0,
10,83,",0,",GK,1,0,
10,82,",24,25,26,20,21,22,27,23,",FW,1,0,
10,82,",13,14,15,17,18,19,9,10,11,16,12,",MF,1,0,
10,82,",1,4,5,6,3,7,2,8,",DF,1,0,
10,82,",0,",GK,1,0,
10,81,",24,25,26,20,21,22,27,23,",FW,1,0,
10,81,",13,14,15,17,18,19,9,10,11,16,12,",MF,1,0,
10,81,",1,4,5,6,3,7,2,8,",DF,1,0,
10,81,",0,",GK,1,0,
10,80,",24,25,26,20,21,22,27,23,",FW,1,0,
10,80,",13,14,15,17,18,19,9,10,11,16,12,",MF,1,0,
10,80,",1,4,5,6,3,7,2,8,",DF,1,0,
10,80,",0,",GK,1,0,
10,79,",24,25,26,20,21,22,27,23,",FW,1,0,
10,79,",13,14,15,17,18,19,9,10,11,16,12,",MF,1,0,
10,79,",1,4,5,6,3,7,2,8,",DF,1,0,
10,79,",0,",GK,1,0,
10,78,",24,25,26,20,21,22,27,23,",FW,1,0,
10,78,",13,14,15,17,18,19,9,10,11,16,12,",MF,1,0,
10,78,",1,4,5,6,3,7,2,8,",DF,1,0,
10,78,",0,",GK,1,0,
10,77,",24,25,26,20,21,22,27,23,",FW,1,0,
10,77,",13,14,15,17,18,19,9,10,11,16,12,",MF,1,0,
10,77,",1,4,5,6,3,7,2,8,",DF,1,0,
10,77,",0,",GK,1,0,
10,76,",24,25,26,20,21,22,27,23,",FW,1,0,
10,76,",13,14,15,17,18,19,9,10,11,16,12,",MF,1,0,
10,76,",1,4,5,6,3,7,2,8,",DF,1,0,
10,76,",0,",GK,1,0,
10,75,",24,25,26,20,21,22,27,23,",FW,1,0,
10,75,",13,14,15,17,18,19,9,10,11,16,12,",MF,1,0,
10,75,",1,4,5,6,3,7,2,8,",DF,1,0,
10,75,",0,",GK,1,0,
10,74,",24,25,26,20,21,22,27,23,",FW,1,0,
10,74,",13,14,15,17,18,19,9,10,11,16,12,",MF,1,0,
10,74,",1,4,5,6,3,7,2,8,",DF,1,0,
10,74,",0,",GK,1,0,
10,73,",24,25,26,20,21,22,27,23,",FW,1,0,
10,73,",13,14,15,17,18,19,9,10,11,16,12,",MF,1,0,
10,73,",1,4,5,6,3,7,2,8,",DF,1,0,
10,73,",0,",GK,1,0,
10,72,",24,25,26,20,21,22,27,23,",FW,1,0,
10,72,",13,14,15,17,18,19,9,10,11,16,12,",MF,1,0,
10,72,",1,4,5,6,3,7,2,8,",DF,1,0,
10,72,",0,",GK,1,0,
9,83,",24,25,26,20,21,22,27,23,",FW,1,0,
9,83,",13,14,15,17,18,19,9,10,11,16,12,",MF,1,0,
9,83,",1,4,5,6,3,7,2,8,",DF,1,0,
9,83,",0,",GK,1,0,
9,82,",24,25,26,20,21,22,27,23,",FW,1,0,
9,82,",13,14,15,17,18,19,9,10,11,16,12,",MF,1,0,
9,82,",1,4,5,6,3,7,2,8,",DF,1,0,
9,82,",0,",GK,1,0,
9,81,",24,25,26,20,21,22,27,23,",FW,1,0,
9,81,",13,14,15,17,18,19,9,10,11,16,12,",MF,1,0,
9,81,",1,4,5,6,3,7,2,8,",DF,1,0,
9,81,",0,",GK,1,0,
9,80,",24,25,26,20,21,22,27,23,",FW,1,0,
9,80,",13,14,15,17,18,19,9,10,11,16,12,",MF,1,0,
9,80,",1,4,5,6,3,7,2,8,",DF,1,0,
9,80,",0,",GK,1,0,
9,79,",24,25,26,20,21,22,27,23,",FW,1,0,
9,79,",13,14,15,17,18,19,9,10,11,16,12,",MF,1,0,
9,79,",1,4,5,6,3,7,2,8,",DF,1,0,
9,79,",0,",GK,1,0,
9,78,",24,25,26,20,21,22,27,23,",FW,1,0,
9,78,",13,14,15,17,18,19,9,10,11,16,12,",MF,1,0,
9,78,",1,4,5,6,3,7,2,8,",DF,1,0,
9,78,",0,",GK,1,0,
9,77,",24,25,26,20,21,22,27,23,",FW,1,0,
9,77,",13,14,15,17,18,19,9,10,11,16,12,",MF,1,0,
9,77,",1,4,5,6,3,7,2,8,",DF,1,0,
9,77,",0,",GK,1,0,
9,76,",24,25,26,20,21,22,27,23,",FW,1,0,
9,76,",13,14,15,17,18,19,9,10,11,16,12,",MF,1,0,
9,76,",1,4,5,6,3,7,2,8,",DF,1,0,
9,76,",0,",GK,1,0,
9,75,",24,25,26,20,21,22,27,23,",FW,1,0,
9,75,",13,14,15,17,18,19,9,10,11,16,12,",MF,1,0,
9,75,",1,4,5,6,3,7,2,8,",DF,1,0,
9,75,",0,",GK,1,0,
9,74,",24,25,26,20,21,22,27,23,",FW,1,0,
9,74,",13,14,15,17,18,19,9,10,11,16,12,",MF,1,0,
9,74,",1,4,5,6,3,7,2,8,",DF,1,0,
9,74,",0,",GK,1,0,
9,73,",24,25,26,20,21,22,27,23,",FW,1,0,
9,73,",13,14,15,17,18,19,9,10,11,16,12,",MF,1,0,
9,73,",1,4,5,6,3,7,2,8,",DF,1,0,
9,73,",0,",GK,1,0,
9,72,",24,25,26,20,21,22,27,23,",FW,1,0,
9,72,",13,14,15,17,18,19,9,10,11,16,12,",MF,1,0,
9,72,",1,4,5,6,3,7,2,8,",DF,1,0,
9,72,",0,",GK,1,0,
9,71,",24,25,26,20,21,22,27,23,",FW,1,0,
9,71,",13,14,15,17,18,19,9,10,11,16,12,",MF,1,0,
9,71,",1,4,5,6,3,7,2,8,",DF,1,0,
9,71,",0,",GK,1,0,
9,70,",24,25,26,20,21,22,27,23,",FW,1,0,
9,70,",13,14,15,17,18,19,9,10,11,16,12,",MF,1,0,
9,70,",1,4,5,6,3,7,2,8,",DF,1,0,
9,70,",0,",GK,1,0,
8,84,",24,25,26,20,21,22,27,23,",FW,1,0,
8,84,",13,14,15,17,18,19,9,10,11,16,12,",MF,1,0,
8,84,",1,4,5,6,3,7,2,8,",DF,1,0,
8,84,",0,",GK,1,0,
8,83,",24,25,26,20,21,22,27,23,",FW,1,0,
8,83,",13,14,15,17,18,19,9,10,11,16,12,",MF,1,0,
8,83,",1,4,5,6,3,7,2,8,",DF,1,0,
8,83,",0,",GK,1,0,
8,82,",24,25,26,20,21,22,27,23,",FW,1,0,
8,82,",13,14,15,17,18,19,9,10,11,16,12,",MF,1,0,
8,82,",1,4,5,6,3,7,2,8,",DF,1,0,
8,82,",0,",GK,1,0,
8,81,",24,25,26,20,21,22,27,23,",FW,1,0,
8,81,",13,14,15,17,18,19,9,10,11,16,12,",MF,1,0,
8,81,",1,4,5,6,3,7,2,8,",DF,1,0,
8,81,",0,",GK,1,0,
8,80,",24,25,26,20,21,22,27,23,",FW,1,0,
8,80,",13,14,15,17,18,19,9,10,11,16,12,",MF,1,0,
8,80,",1,4,5,6,3,7,2,8,",DF,1,0,
8,80,",0,",GK,1,0,
8,79,",24,25,26,20,21,22,27,23,",FW,1,0,
8,79,",13,14,15,17,18,19,9,10,11,16,12,",MF,1,0,
8,79,",1,4,5,6,3,7,2,8,",DF,1,0,
8,79,",0,",GK,1,0,
8,78,",24,25,26,20,21,22,27,23,",FW,1,0,
8,78,",13,14,15,17,18,19,9,10,11,16,12,",MF,1,0,
8,78,",1,4,5,6,3,7,2,8,",DF,1,0,
8,78,",0,",GK,1,0,
8,77,",24,25,26,20,21,22,27,23,",FW,1,0,
8,77,",13,14,15,17,18,19,9,10,11,16,12,",MF,1,0,
8,77,",1,4,5,6,3,7,2,8,",DF,1,0,
8,77,",0,",GK,1,0,
8,76,",24,25,26,20,21,22,27,23,",FW,1,0,
8,76,",13,14,15,17,18,19,9,10,11,16,12,",MF,1,0,
8,76,",1,4,5,6,3,7,2,8,",DF,1,0,
8,76,",0,",GK,1,0,
8,75,",24,25,26,20,21,22,27,23,",FW,1,0,
8,75,",13,14,15,17,18,19,9,10,11,16,12,",MF,1,0,
8,75,",1,4,5,6,3,7,2,8,",DF,1,0,
8,75,",0,",GK,1,0,
8,74,",24,25,26,20,21,22,27,23,",FW,1,0,
8,74,",13,14,15,17,18,19,9,10,11,16,12,",MF,1,0,
8,74,",1,4,5,6,3,7,2,8,",DF,1,0,
8,74,",0,",GK,1,0,
8,73,",24,25,26,20,21,22,27,23,",FW,1,0,
8,73,",13,14,15,17,18,19,9,10,11,16,12,",MF,1,0,
8,73,",1,4,5,6,3,7,2,8,",DF,1,0,
8,73,",0,",GK,1,0,
8,72,",24,25,26,20,21,22,27,23,",FW,1,0,
8,72,",13,14,15,17,18,19,9,10,11,16,12,",MF,1,0,
8,72,",1,4,5,6,3,7,2,8,",DF,1,0,
8,72,",0,",GK,1,0,
8,71,",24,25,26,20,21,22,27,23,",FW,1,0,
8,71,",13,14,15,17,18,19,9,10,11,16,12,",MF,1,0,
8,71,",1,4,5,6,3,7,2,8,",DF,1,0,
8,71,",0,",GK,1,0,
8,70,",24,25,26,20,21,22,27,23,",FW,1,0,
8,70,",13,14,15,17,18,19,9,10,11,16,12,",MF,1,0,
8,70,",1,4,5,6,3,7,2,8,",DF,1,0,
8,70,",0,",GK,1,0,
8,69,",24,25,26,20,21,22,27,23,",FW,1,0,
8,69,",13,14,15,17,18,19,9,10,11,16,12,",MF,1,0,
8,69,",1,4,5,6,3,7,2,8,",DF,1,0,
8,69,",0,",GK,1,0,
8,68,",24,25,26,20,21,22,27,23,",FW,1,0,
8,68,",13,14,15,17,18,19,9,10,11,16,12,",MF,1,0,
8,68,",1,4,5,6,3,7,2,8,",DF,1,0,
8,68,",0,",GK,1,0,
7,81,",24,25,26,20,21,22,27,23,",FW,1,0,
7,81,",13,14,15,17,18,19,9,10,11,16,12,",MF,1,0,
7,81,",1,4,5,6,3,7,2,8,",DF,1,0,
7,81,",0,",GK,1,0,
7,80,",24,25,26,20,21,22,27,23,",FW,1,0,
7,80,",13,14,15,17,18,19,9,10,11,16,12,",MF,1,0,
7,80,",1,4,5,6,3,7,2,8,",DF,1,0,
7,80,",0,",GK,1,0,
7,79,",24,25,26,20,21,22,27,23,",FW,1,0,
7,79,",13,14,15,17,18,19,9,10,11,16,12,",MF,1,0,
7,79,",1,4,5,6,3,7,2,8,",DF,1,0,
7,79,",0,",GK,1,0,
7,78,",24,25,26,20,21,22,27,23,",FW,1,0,
7,78,",13,14,15,17,18,19,9,10,11,16,12,",MF,1,0,
7,78,",1,4,5,6,3,7,2,8,",DF,1,0,
7,78,",0,",GK,1,0,
7,77,",24,25,26,20,21,22,27,23,",FW,1,0,
7,77,",13,14,15,17,18,19,9,10,11,16,12,",MF,1,0,
7,77,",1,4,5,6,3,7,2,8,",DF,1,0,
7,77,",0,",GK,1,0,
7,76,",24,25,26,20,21,22,27,23,",FW,1,0,
7,76,",13,14,15,17,18,19,9,10,11,16,12,",MF,1,0,
7,76,",1,4,5,6,3,7,2,8,",DF,1,0,
7,76,",0,",GK,1,0,
7,75,",24,25,26,20,21,22,27,23,",FW,1,0,
7,75,",13,14,15,17,18,19,9,10,11,16,12,",MF,1,0,
7,75,",1,4,5,6,3,7,2,8,",DF,1,0,
7,75,",0,",GK,1,0,
7,74,",24,25,26,20,21,22,27,23,",FW,1,0,
7,74,",13,14,15,17,18,19,9,10,11,16,12,",MF,1,0,
7,74,",1,4,5,6,3,7,2,8,",DF,1,0,
7,74,",0,",GK,1,0,
7,73,",24,25,26,20,21,22,27,23,",FW,1,0,
7,73,",13,14,15,17,18,19,9,10,11,16,12,",MF,1,0,
7,73,",1,4,5,6,3,7,2,8,",DF,1,0,
7,73,",0,",GK,1,0,
7,72,",24,25,26,20,21,22,27,23,",FW,1,0,
7,72,",13,14,15,17,18,19,9,10,11,16,12,",MF,1,0,
7,72,",1,4,5,6,3,7,2,8,",DF,1,0,
7,72,",0,",GK,1,0,
7,71,",24,25,26,20,21,22,27,23,",FW,1,0,
7,71,",13,14,15,17,18,19,9,10,11,16,12,",MF,1,0,
7,71,",1,4,5,6,3,7,2,8,",DF,1,0,
7,71,",0,",GK,1,0,
7,70,",24,25,26,20,21,22,27,23,",FW,1,0,
7,70,",13,14,15,17,18,19,9,10,11,16,12,",MF,1,0,
7,70,",1,4,5,6,3,7,2,8,",DF,1,0,
7,70,",0,",GK,1,0,
7,69,",24,25,26,20,21,22,27,23,",FW,1,0,
7,69,",13,14,15,17,18,19,9,10,11,16,12,",MF,1,0,
7,69,",1,4,5,6,3,7,2,8,",DF,1,0,
7,69,",0,",GK,1,0,
7,68,",24,25,26,20,21,22,27,23,",FW,1,0,
7,68,",13,14,15,17,18,19,9,10,11,16,12,",MF,1,0,
7,68,",1,4,5,6,3,7,2,8,",DF,1,0,
7,68,",0,",GK,1,0,
7,67,",24,25,26,20,21,22,27,23,",FW,1,0,
7,67,",13,14,15,17,18,19,9,10,11,16,12,",MF,1,0,
7,67,",1,4,5,6,3,7,2,8,",DF,1,0,
7,67,",0,",GK,1,0,
7,66,",24,25,26,20,21,22,27,23,",FW,1,0,
7,66,",13,14,15,17,18,19,9,10,11,16,12,",MF,1,0,
7,66,",1,4,5,6,3,7,2,8,",DF,1,0,
7,66,",0,",GK,1,0,
7,65,",24,25,26,20,21,22,27,23,",FW,1,0,
7,65,",13,14,15,17,18,19,9,10,11,16,12,",MF,1,0,
7,65,",1,4,5,6,3,7,2,8,",DF,1,0,
7,65,",0,",GK,1,0,
6,80,",24,25,26,20,21,22,27,23,",FW,1,0,
6,80,",13,14,15,17,18,19,9,10,11,16,12,",MF,1,0,
6,80,",1,4,5,6,3,7,2,8,",DF,1,0,
6,80,",0,",GK,1,0,
6,79,",24,25,26,20,21,22,27,23,",FW,1,0,
6,79,",13,14,15,17,18,19,9,10,11,16,12,",MF,1,0,
6,79,",1,4,5,6,3,7,2,8,",DF,1,0,
6,79,",0,",GK,1,0,
6,78,",24,25,26,20,21,22,27,23,",FW,1,0,
6,78,",13,14,15,17,18,19,9,10,11,16,12,",MF,1,0,
6,78,",1,4,5,6,3,7,2,8,",DF,1,0,
6,78,",0,",GK,1,0,
6,77,",24,25,26,20,21,22,27,23,",FW,1,0,
6,77,",13,14,15,17,18,19,9,10,11,16,12,",MF,1,0,
6,77,",1,4,5,6,3,7,2,8,",DF,1,0,
6,77,",0,",GK,1,0,
6,76,",24,25,26,20,21,22,27,23,",FW,1,0,
6,76,",13,14,15,17,18,19,9,10,11,16,12,",MF,1,0,
6,76,",1,4,5,6,3,7,2,8,",DF,1,0,
6,76,",0,",GK,1,0,
6,75,",24,25,26,20,21,22,27,23,",FW,1,0,
6,75,",13,14,15,17,18,19,9,10,11,16,12,",MF,1,0,
6,75,",1,4,5,6,3,7,2,8,",DF,1,0,
6,75,",0,",GK,1,0,
6,74,",24,25,26,20,21,22,27,23,",FW,1,0,
6,74,",13,14,15,17,18,19,9,10,11,16,12,",MF,1,0,
6,74,",1,4,5,6,3,7,2,8,",DF,1,0,
6,74,",0,",GK,1,0,
6,73,",24,25,26,20,21,22,27,23,",FW,1,0,
6,73,",13,14,15,17,18,19,9,10,11,16,12,",MF,1,0,
6,73,",1,4,5,6,3,7,2,8,",DF,1,0,
6,73,",0,",GK,1,0,
6,72,",24,25,26,20,21,22,27,23,",FW,1,0,
6,72,",13,14,15,17,18,19,9,10,11,16,12,",MF,1,0,
6,72,",1,4,5,6,3,7,2,8,",DF,1,0,
6,72,",0,",GK,1,0,
6,71,",24,25,26,20,21,22,27,23,",FW,1,0,
6,71,",13,14,15,17,18,19,9,10,11,16,12,",MF,1,0,
6,71,",1,4,5,6,3,7,2,8,",DF,1,0,
6,71,",0,",GK,1,0,
6,70,",24,25,26,20,21,22,27,23,",FW,1,0,
6,70,",13,14,15,17,18,19,9,10,11,16,12,",MF,1,0,
6,70,",1,4,5,6,3,7,2,8,",DF,1,0,
6,70,",0,",GK,1,0,
6,69,",24,25,26,20,21,22,27,23,",FW,1,0,
6,69,",13,14,15,17,18,19,9,10,11,16,12,",MF,1,0,
6,69,",1,4,5,6,3,7,2,8,",DF,1,0,
6,69,",0,",GK,1,0,
6,68,",24,25,26,20,21,22,27,23,",FW,1,0,
6,68,",13,14,15,17,18,19,9,10,11,16,12,",MF,1,0,
6,68,",1,4,5,6,3,7,2,8,",DF,1,0,
6,68,",0,",GK,1,0,
6,67,",24,25,26,20,21,22,27,23,",FW,1,0,
6,67,",13,14,15,17,18,19,9,10,11,16,12,",MF,1,0,
6,67,",1,4,5,6,3,7,2,8,",DF,1,0,
6,67,",0,",GK,1,0,
6,66,",24,25,26,20,21,22,27,23,",FW,1,0,
6,66,",13,14,15,17,18,19,9,10,11,16,12,",MF,1,0,
6,66,",1,4,5,6,3,7,2,8,",DF,1,0,
6,66,",0,",GK,1,0,
6,65,",24,25,26,20,21,22,27,23,",FW,1,0,
6,65,",13,14,15,17,18,19,9,10,11,16,12,",MF,1,0,
6,65,",1,4,5,6,3,7,2,8,",DF,1,0,
6,65,",0,",GK,1,0,
6,64,",24,25,26,20,21,22,27,23,",FW,1,0,
6,64,",13,14,15,17,18,19,9,10,11,16,12,",MF,1,0,
6,64,",1,4,5,6,3,7,2,8,",DF,1,0,
6,64,",0,",GK,1,0,
6,63,",24,25,26,20,21,22,27,23,",FW,1,0,
6,63,",13,14,15,17,18,19,9,10,11,16,12,",MF,1,0,
6,63,",1,4,5,6,3,7,2,8,",DF,1,0,
6,63,",0,",GK,1,0,
6,62,",24,25,26,20,21,22,27,23,",FW,1,0,
6,62,",13,14,15,17,18,19,9,10,11,16,12,",MF,1,0,
6,62,",1,4,5,6,3,7,2,8,",DF,1,0,
6,62,",0,",GK,1,0,
6,61,",24,25,26,20,21,22,27,23,",FW,1,0,
6,61,",13,14,15,17,18,19,9,10,11,16,12,",MF,1,0,
6,61,",1,4,5,6,3,7,2,8,",DF,1,0,
6,61,",0,",GK,1,0,
6,60,",24,25,26,20,21,22,27,23,",FW,1,0,
6,60,",13,14,15,17,18,19,9,10,11,16,12,",MF,1,0,
6,60,",1,4,5,6,3,7,2,8,",DF,1,0,
6,60,",0,",GK,1,0,
6,59,",24,25,26,20,21,22,27,23,",FW,1,0,
6,59,",13,14,15,17,18,19,9,10,11,16,12,",MF,1,0,
6,59,",1,4,5,6,3,7,2,8,",DF,1,0,
6,59,",0,",GK,1,0,
6,58,",24,25,26,20,21,22,27,23,",FW,1,0,
6,58,",13,14,15,17,18,19,9,10,11,16,12,",MF,1,0,
6,58,",1,4,5,6,3,7,2,8,",DF,1,0,
6,58,",0,",GK,1,0,
6,57,",24,25,26,20,21,22,27,23,",FW,1,0,
6,57,",13,14,15,17,18,19,9,10,11,16,12,",MF,1,0,
6,57,",1,4,5,6,3,7,2,8,",DF,1,0,
6,57,",0,",GK,1,0,
6,56,",24,25,26,20,21,22,27,23,",FW,1,0,
6,56,",13,14,15,17,18,19,9,10,11,16,12,",MF,1,0,
6,56,",1,4,5,6,3,7,2,8,",DF,1,0,
6,56,",0,",GK,1,0,
6,55,",24,25,26,20,21,22,27,23,",FW,1,0,
6,55,",13,14,15,17,18,19,9,10,11,16,12,",MF,1,0,
6,55,",1,4,5,6,3,7,2,8,",DF,1,0,
6,55,",0,",GK,1,0,
6,54,",24,25,26,20,21,22,27,23,",FW,1,0,
6,54,",13,14,15,17,18,19,9,10,11,16,12,",MF,1,0,
6,54,",1,4,5,6,3,7,2,8,",DF,1,0,
6,54,",0,",GK,1,0,
6,53,",24,25,26,20,21,22,27,23,",FW,1,0,
6,53,",13,14,15,17,18,19,9,10,11,16,12,",MF,1,0,
6,53,",1,4,5,6,3,7,2,8,",DF,1,0,
6,53,",0,",GK,1,0,
6,52,",24,25,26,20,21,22,27,23,",FW,1,0,
6,52,",13,14,15,17,18,19,9,10,11,16,12,",MF,1,0,
6,52,",1,4,5,6,3,7,2,8,",DF,1,0,
6,52,",0,",GK,1,0,
6,51,",24,25,26,20,21,22,27,23,",FW,1,0,
6,51,",13,14,15,17,18,19,9,10,11,16,12,",MF,1,0,
6,51,",1,4,5,6,3,7,2,8,",DF,1,0,
6,51,",0,",GK,1,0,
6,50,",24,25,26,20,21,22,27,23,",FW,1,0,
6,50,",13,14,15,17,18,19,9,10,11,16,12,",MF,1,0,
6,50,",1,4,5,6,3,7,2,8,",DF,1,0,
6,50,",0,",GK,1,0,
6,49,",24,25,26,20,21,22,27,23,",FW,1,0,
6,49,",13,14,15,17,18,19,9,10,11,16,12,",MF,1,0,
6,49,",1,4,5,6,3,7,2,8,",DF,1,0,
6,49,",0,",GK,1,0,
6,48,",24,25,26,20,21,22,27,23,",FW,1,0,
6,48,",13,14,15,17,18,19,9,10,11,16,12,",MF,1,0,
6,48,",1,4,5,6,3,7,2,8,",DF,1,0,
6,48,",0,",GK,1,0,
6,47,",24,25,26,20,21,22,27,23,",FW,1,0,
6,47,",13,14,15,17,18,19,9,10,11,16,12,",MF,1,0,
6,47,",1,4,5,6,3,7,2,8,",DF,1,0,
6,47,",0,",GK,1,0,
6,46,",24,25,26,20,21,22,27,23,",FW,1,0,
6,46,",13,14,15,17,18,19,9,10,11,16,12,",MF,1,0,
6,46,",1,4,5,6,3,7,2,8,",DF,1,0,
6,46,",0,",GK,1,0,
6,45,",24,25,26,20,21,22,27,23,",FW,1,0,
6,45,",13,14,15,17,18,19,9,10,11,16,12,",MF,1,0,
6,45,",1,4,5,6,3,7,2,8,",DF,1,0,
6,45,",0,",GK,1,0,
6,44,",24,25,26,20,21,22,27,23,",FW,1,0,
6,44,",13,14,15,17,18,19,9,10,11,16,12,",MF,1,0,
6,44,",1,4,5,6,3,7,2,8,",DF,1,0,
6,44,",0,",GK,1,0,
6,43,",24,25,26,20,21,22,27,23,",FW,1,0,
6,43,",13,14,15,17,18,19,9,10,11,16,12,",MF,1,0,
6,43,",1,4,5,6,3,7,2,8,",DF,1,0,
6,43,",0,",GK,1,0,
6,42,",24,25,26,20,21,22,27,23,",FW,1,0,
6,42,",13,14,15,17,18,19,9,10,11,16,12,",MF,1,0,
6,42,",1,4,5,6,3,7,2,8,",DF,1,0,
6,42,",0,",GK,1,0,
5,75,",24,25,26,20,21,22,27,23,",FW,1,0,
5,75,",13,14,15,17,18,19,9,10,11,16,12,",MF,1,0,
5,75,",1,4,5,6,3,7,2,8,",DF,1,0,
5,75,",0,",GK,1,0,
5,74,",24,25,26,20,21,22,27,23,",FW,1,0,
5,74,",13,14,15,17,18,19,9,10,11,16,12,",MF,1,0,
5,74,",1,4,5,6,3,7,2,8,",DF,1,0,
5,74,",0,",GK,1,0,
5,73,",24,25,26,20,21,22,27,23,",FW,1,0,
5,73,",13,14,15,17,18,19,9,10,11,16,12,",MF,1,0,
5,73,",1,4,5,6,3,7,2,8,",DF,1,0,
5,73,",0,",GK,1,0,
5,72,",24,25,26,20,21,22,27,23,",FW,1,0,
5,72,",13,14,15,17,18,19,9,10,11,16,12,",MF,1,0,
5,72,",1,4,5,6,3,7,2,8,",DF,1,0,
5,72,",0,",GK,1,0,
5,71,",24,25,26,20,21,22,27,23,",FW,1,0,
5,71,",13,14,15,17,18,19,9,10,11,16,12,",MF,1,0,
5,71,",1,4,5,6,3,7,2,8,",DF,1,0,
5,71,",0,",GK,1,0,
5,70,",24,25,26,20,21,22,27,23,",FW,1,0,
5,70,",13,14,15,17,18,19,9,10,11,16,12,",MF,1,0,
5,70,",1,4,5,6,3,7,2,8,",DF,1,0,
5,70,",0,",GK,1,0,
5,69,",24,25,26,20,21,22,27,23,",FW,1,0,
5,69,",13,14,15,17,18,19,9,10,11,16,12,",MF,1,0,
5,69,",1,4,5,6,3,7,2,8,",DF,1,0,
5,69,",0,",GK,1,0,
5,68,",24,25,26,20,21,22,27,23,",FW,1,0,
5,68,",13,14,15,17,18,19,9,10,11,16,12,",MF,1,0,
5,68,",1,4,5,6,3,7,2,8,",DF,1,0,
5,68,",0,",GK,1,0,
5,67,",24,25,26,20,21,22,27,23,",FW,1,0,
5,67,",13,14,15,17,18,19,9,10,11,16,12,",MF,1,0,
5,67,",1,4,5,6,3,7,2,8,",DF,1,0,
5,67,",0,",GK,1,0,
5,66,",24,25,26,20,21,22,27,23,",FW,1,0,
5,66,",13,14,15,17,18,19,9,10,11,16,12,",MF,1,0,
5,66,",1,4,5,6,3,7,2,8,",DF,1,0,
5,66,",0,",GK,1,0,
5,65,",24,25,26,20,21,22,27,23,",FW,1,0,
5,65,",13,14,15,17,18,19,9,10,11,16,12,",MF,1,0,
5,65,",1,4,5,6,3,7,2,8,",DF,1,0,
5,65,",0,",GK,1,0,
5,64,",24,25,26,20,21,22,27,23,",FW,1,0,
5,64,",13,14,15,17,18,19,9,10,11,16,12,",MF,1,0,
5,64,",1,4,5,6,3,7,2,8,",DF,1,0,
5,64,",0,",GK,1,0,
5,63,",24,25,26,20,21,22,27,23,",FW,1,0,
5,63,",13,14,15,17,18,19,9,10,11,16,12,",MF,1,0,
5,63,",1,4,5,6,3,7,2,8,",DF,1,0,
5,63,",0,",GK,1,0,
5,62,",24,25,26,20,21,22,27,23,",FW,1,0,
5,62,",13,14,15,17,18,19,9,10,11,16,12,",MF,1,0,
5,62,",1,4,5,6,3,7,2,8,",DF,1,0,
5,62,",0,",GK,1,0,
5,61,",24,25,26,20,21,22,27,23,",FW,1,0,
5,61,",13,14,15,17,18,19,9,10,11,16,12,",MF,1,0,
5,61,",1,4,5,6,3,7,2,8,",DF,1,0,
5,61,",0,",GK,1,0,
5,60,",24,25,26,20,21,22,27,23,",FW,1,0,
5,60,",13,14,15,17,18,19,9,10,11,16,12,",MF,1,0,
5,60,",1,4,5,6,3,7,2,8,",DF,1,0,
5,60,",0,",GK,1,0,
5,59,",24,25,26,20,21,22,27,23,",FW,1,0,
5,59,",13,14,15,17,18,19,9,10,11,16,12,",MF,1,0,
5,59,",1,4,5,6,3,7,2,8,",DF,1,0,
5,59,",0,",GK,1,0,
5,58,",24,25,26,20,21,22,27,23,",FW,1,0,
5,58,",13,14,15,17,18,19,9,10,11,16,12,",MF,1,0,
5,58,",1,4,5,6,3,7,2,8,",DF,1,0,
5,58,",0,",GK,1,0,
5,57,",24,25,26,20,21,22,27,23,",FW,1,0,
5,57,",13,14,15,17,18,19,9,10,11,16,12,",MF,1,0,
5,57,",1,4,5,6,3,7,2,8,",DF,1,0,
5,57,",0,",GK,1,0,
5,56,",24,25,26,20,21,22,27,23,",FW,1,0,
5,56,",13,14,15,17,18,19,9,10,11,16,12,",MF,1,0,
5,56,",1,4,5,6,3,7,2,8,",DF,1,0,
5,56,",0,",GK,1,0,
5,55,",24,25,26,20,21,22,27,23,",FW,1,0,
5,55,",13,14,15,17,18,19,9,10,11,16,12,",MF,1,0,
5,55,",1,4,5,6,3,7,2,8,",DF,1,0,
5,55,",0,",GK,1,0,
5,54,",24,25,26,20,21,22,27,23,",FW,1,0,
5,54,",13,14,15,17,18,19,9,10,11,16,12,",MF,1,0,
5,54,",1,4,5,6,3,7,2,8,",DF,1,0,
5,54,",0,",GK,1,0,
5,53,",24,25,26,20,21,22,27,23,",FW,1,0,
5,53,",13,14,15,17,18,19,9,10,11,16,12,",MF,1,0,
5,53,",1,4,5,6,3,7,2,8,",DF,1,0,
5,53,",0,",GK,1,0,
5,52,",24,25,26,20,21,22,27,23,",FW,1,0,
5,52,",13,14,15,17,18,19,9,10,11,16,12,",MF,1,0,
5,52,",1,4,5,6,3,7,2,8,",DF,1,0,
5,52,",0,",GK,1,0,
5,51,",24,25,26,20,21,22,27,23,",FW,1,0,
5,51,",13,14,15,17,18,19,9,10,11,16,12,",MF,1,0,
5,51,",1,4,5,6,3,7,2,8,",DF,1,0,
5,51,",0,",GK,1,0,
5,50,",24,25,26,20,21,22,27,23,",FW,1,0,
5,50,",13,14,15,17,18,19,9,10,11,16,12,",MF,1,0,
5,50,",1,4,5,6,3,7,2,8,",DF,1,0,
5,50,",0,",GK,1,0,
5,49,",24,25,26,20,21,22,27,23,",FW,1,0,
5,49,",13,14,15,17,18,19,9,10,11,16,12,",MF,1,0,
5,49,",1,4,5,6,3,7,2,8,",DF,1,0,
5,49,",0,",GK,1,0,
5,48,",24,25,26,20,21,22,27,23,",FW,1,0,
5,48,",13,14,15,17,18,19,9,10,11,16,12,",MF,1,0,
5,48,",1,4,5,6,3,7,2,8,",DF,1,0,
5,48,",0,",GK,1,0,
5,47,",24,25,26,20,21,22,27,23,",FW,1,0,
5,47,",13,14,15,17,18,19,9,10,11,16,12,",MF,1,0,
5,47,",1,4,5,6,3,7,2,8,",DF,1,0,
5,47,",0,",GK,1,0,
5,46,",24,25,26,20,21,22,27,23,",FW,1,0,
5,46,",13,14,15,17,18,19,9,10,11,16,12,",MF,1,0,
5,46,",1,4,5,6,3,7,2,8,",DF,1,0,
5,46,",0,",GK,1,0,
5,45,",24,25,26,20,21,22,27,23,",FW,1,0,
5,45,",13,14,15,17,18,19,9,10,11,16,12,",MF,1,0,
5,45,",1,4,5,6,3,7,2,8,",DF,1,0,
5,45,",0,",GK,1,0,
5,44,",24,25,26,20,21,22,27,23,",FW,1,0,
5,44,",13,14,15,17,18,19,9,10,11,16,12,",MF,1,0,
5,44,",1,4,5,6,3,7,2,8,",DF,1,0,
5,44,",0,",GK,1,0,
5,43,",24,25,26,20,21,22,27,23,",FW,1,0,
5,43,",13,14,15,17,18,19,9,10,11,16,12,",MF,1,0,
5,43,",1,4,5,6,3,7,2,8,",DF,1,0,
5,43,",0,",GK,1,0,
5,42,",24,25,26,20,21,22,27,23,",FW,1,0,
5,42,",13,14,15,17,18,19,9,10,11,16,12,",MF,1,0,
5,42,",1,4,5,6,3,7,2,8,",DF,1,0,
5,42,",0,",GK,1,0,
5,41,",24,25,26,20,21,22,27,23,",FW,1,0,
5,41,",13,14,15,17,18,19,9,10,11,16,12,",MF,1,0,
5,41,",1,4,5,6,3,7,2,8,",DF,1,0,
5,41,",0,",GK,1,0,
